"";"médiane";"annee";"ndep";"departement";"s_vin_simple";"s_total";"q_blanc";"q_rouge";"q_total";"qk_prod";"ql_prod"
"1";21122;2012;"01";"AIN";304;864;3489;9020;37703;120792,2;107052,4
"2";17765,6;2012;"02";"AISNE";7;2449;170;10;123781;379615,1;303450,2
"3";18491,7;2012;"03";"ALLIER";137;697;537;2548;23492;36965,7;90015,4
"4";18658;2012;"04";"ALPES-DE-HAUTE-PROVENCE";95;697;350;6421;40890;68981;30656
"5";18848,7;2012;"05";"HAUTES-ALPES";25;110;53;290;3417;32691,7;10990,4
"6";20162,2;2012;"06";"ALPES-MARITIMES";18;96;12;329;2403;22650,2;6249,8
"7";18663,3;2012;"07";"ARDECHE";608;10489;10293;14594;550751;142657,1;30858,1
"8";17622,6;2012;"08";"ARDENNES";1;1;9;9;18;42969,6;53342,8
"9";18084;2012;"09";"ARIEGE";152;200;0;325;2093;8503,6;17411,9
"10";18693,3;2012;"10";"AUBE";25;7018;204;574;404345;683097,2;642478,1
"11";17230,7;2012;"11";"AUDE";3695;64435;32598;174278;3533977;1406180;375675,8
"12";18670,4;2012;"12";"AVEYRON";310;622;188;4953;17387;38764,4;45781
"13";19424,7;2012;"13";"BOUCHES-DU-RHONE";276;10051;1779;11980;548726;646659,9;128478,9
"14";19402,7;2012;"14";"CALVADOS";0;3;0;0;104;20782,2;40898,1
"15";18214;2012;"15";"CANTAL";3;11;5;64;296;1868,2;16795,4
"16";18756,9;2012;"16";"CHARENTE";1035;39024;20456;35778;3739176;1542720,4;458350,9
"17";19144;2012;"17";"CHARENTE-MARITIME";1469;38785;68623;46133;3999281;893264,6;427477,4
"18";18973,8;2012;"18";"CHER";125;4085;403;1664;217078;353973,9;260053
"19";18880;2012;"19";"CORREZE";136;205;8;2824;4749;87944,8;17923,3
"20";20462;2012;"21";"COTE-D'OR";67;9484;552;1081;295199;599501,8;426669,2
"21";19341,4;2012;"22";"COTES-D'ARMOR";0;0;0;0;0;62959,3;40752,9
"22";17301,3;2012;"23";"CREUSE";0;0;0;0;0;2345;25628,1
"23";18264,4;2012;"24";"DORDOGNE";847;12086;3937;18182;542002;298010,2;109205,5
"24";20226,7;2012;"25";"DOUBS";17;36;201;254;690;4745,2;35540,9
"25";18930,7;2012;"26";"DROME";231;16262;566;6006;734766;568493,4;133247,5
"26";19841;2012;"27";"EURE";0;0;0;0;0;70296,7;153497,5
"27";20310;2012;"28";"EURE-ET-LOIR";1;1;0;3;3;122925,3;177271,2
"28";19748,7;2012;"29";"FINISTERE";0;0;0;0;0;243194,8;238642,9
"29";18020;2012;"30";"GARD";3037;52666;41047;196850;3270564;1490700,3;330375,5
"30";21474,7;2012;"31";"HAUTE-GARONNE";188;1642;154;6145;86057;266683,2;241767,9
"31";19066,8;2012;"32";"GERS";3216;18264;316535;55540;1703299;1259488,4;266706,4
"32";20388;2012;"33";"GIRONDE";2352;115348;12408;168344;5622317;4122377,1;1172228
"33";18411,5;2012;"34";"HERAULT";6580;80807;43883;362016;4792334;2088113,7;622689,2
"34";20279,6;2012;"35";"ILLE-ET-VILAINE";0;0;0;0;0;14910,3;58043,6
"35";18427,6;2012;"36";"INDRE";292;669;747;3290;18876;59159,2;219600,4
"36";19952;2012;"37";"INDRE-ET-LOIRE";736;10012;4711;13026;380340;979007,4;379653,1
"37";20824,7;2012;"38";"ISERE";325;582;1814;7234;21479;122906,3;52124,5
"38";19433,5;2012;"39";"JURA";184;2192;2277;2024;74692;67423;48527,2
"39";19594;2012;"40";"LANDES";310;1798;15754;4359;121006;132033,2;135841,6
"40";19562,8;2012;"41";"LOIR-ET-CHER";1008;6905;6227;11903;209042;120339;115978,2
"41";18866,2;2012;"42";"LOIRE";220;1044;2130;5845;36966;47552,5;31133,8
"42";18855,5;2012;"43";"HAUTE-LOIRE";40;40;16;565;581;1858,5;29057
"43";20363,8;2012;"44";"LOIRE-ATLANTIQUE";1510;12318;24597;31405;376580;515938,3;230680
"44";20321,7;2012;"45";"LOIRET";21;225;78;394;4673;90456,8;85446,6
"45";18787,8;2012;"46";"LOT";753;5090;130;36942;247952;132114,8;59884,1
"46";18132,1;2012;"47";"LOT-ET-GARONNE";766;6208;19965;27552;360084;829300;239941
"47";18336,5;2012;"48";"LOZERE";5;5;0;41;303;918,7;5368,6
"48";19016,7;2012;"49";"MAINE-ET-LOIRE";1062;19520;12972;21129;845049;749901,9;339967,8
"49";18668,7;2012;"50";"MANCHE";0;0;0;0;0;72283,6;94267,7
"50";19746,7;2012;"51";"MARNE";5;23499;61;35;1478365;2030675;914705,9
"51";18180,7;2012;"52";"HAUTE-MARNE";26;101;218;373;4013;4415,8;125749,1
"52";18789;2012;"53";"MAYENNE";1;1;19;12;31;13531,4;72723
"53";19619,4;2012;"54";"MEURTHE-ET-MOSELLE";95;149;216;680;2382;21352,4;102155,5
"54";18608;2012;"55";"MEUSE";7;38;198;22;1023;16149,2;155071,4
"55";19609,3;2012;"56";"MORBIHAN";0;0;0;0;0;69346,9;65643,3
"56";19494,3;2012;"57";"MOSELLE";35;57;75;164;742;18643,7;140895,7
"57";18413,3;2012;"58";"NIEVRE";74;1500;413;903;84107;5579,2;9284,4
"58";18050,7;2012;"59";"NORD";1;1;12;7;19;190467,7;87419,1
"59";20216,1;2012;"60";"OISE";0;0;0;0;0;81111,6;205536,6
"60";18197,8;2012;"61";"ORNE";0;0;0;0;0;73393,6;104971,1
"61";17155,3;2012;"62";"PAS-DE-CALAIS";0;0;0;0;0;379168,3;265116,8
"62";20015,2;2012;"63";"PUY-DE-DOME";224;565;229;5656;18841;30181,4;55697,7
"63";20147,2;2012;"64";"PYRENEES-ATLANTIQUES";143;2495;679;4336;107939;191436,2;110847,7
"64";18885,3;2012;"65";"HAUTES-PYRENEES";124;364;205;2984;11336;32059,1;25393
"65";17522;2012;"66";"PYRENEES-ORIENTALES";842;23866;12163;20375;710081;1357352,8;199210,4
"66";21182,3;2012;"67";"BAS-RHIN";56;6628;2628;183;506830;183259,5;87153,3
"67";21482,7;2012;"68";"HAUT-RHIN";24;8954;1355;116;663088;383875,1;212348,9
"68";20953,3;2012;"69";"RHONE";313;17515;1758;5640;570831;511421,2;178813,9
"69";18508;2012;"70";"HAUTE-SAONE";36;117;197;409;2246;14768,5;85267,2
"70";18811,3;2012;"71";"SAONE-ET-LOIRE";111;12953;1523;1541;613693;427529,4;250186,6
"71";19102;2012;"72";"SARTHE";105;252;375;799;4375;154762,2;117613,5
"72";20894,5;2012;"73";"SAVOIE";155;1968;2380;3290;111299;127756,6;25726,4
"73";23658;2012;"74";"HAUTE-SAVOIE";130;279;5653;2764;14442;33568,9;8741,1
"74";25711;2012;"75";"PARIS";0;0;0;0;0;1078,8;544,4
"75";19316,5;2012;"76";"SEINE-MARITIME";0;0;0;0;0;160081;130796,3
"76";21707,2;2012;"77";"SEINE-ET-MARNE";0;22;0;0;1292;32705;69914,8
"77";25143,9;2012;"78";"YVELINES";0;0;0;0;0;48429,3;46923,1
"78";18818,7;2012;"79";"DEUX-SEVRES";290;1021;689;7262;45444;622248;219353
"79";18345;2012;"80";"SOMME";0;0;0;0;0;346074,9;281729,4
"80";18700,6;2012;"81";"TARN";1125;6664;26786;52300;417492;221535,9;116943,8
"81";18398,8;2012;"82";"TARN-ET-GARONNE";458;1631;495;17858;87579;444399,4;123993,1
"82";19611;2012;"83";"VAR";466;28161;1382;20072;1268604;981030;145844,9
"83";18007,4;2012;"84";"VAUCLUSE";1693;46890;20226;50375;1955689;2388920,3;429266,4
"84";19184,4;2012;"85";"VENDEE";692;1457;2539;18389;45866;68246,1;121590
"85";19205,7;2012;"86";"VIENNE";587;1614;1293;9619;58962;74862,2;204967,9
"86";19118;2012;"87";"HAUTE-VIENNE";2;7;0;22;280;6241,7;19190,6
"87";18403;2012;"88";"VOSGES";81;81;18;405;423;4726,2;25378
"88";19079,5;2012;"89";"YONNE";61;7150;472;1238;381125;300285,1;252618,6
"89";19704;2012;"90";"TERRITOIRE DE BELFORT";1;1;3;0;9;942,9;1250,9
"90";22615,2;2012;"91";"ESSONNE";0;0;0;0;0;12610,3;19928,4
"91";25522;2012;"92";"HAUTS-DE-SEINE";0;0;0;0;0;1537,9;486,9
"92";16609,4;2012;"93";"SEINE-SAINT-DENIS";0;0;0;0;0;3080,3;1239,8
"93";21359,1;2012;"94";"VAL-DE-MARNE";0;0;0;0;0;4228,2;1006,7
"94";20547,6;2012;"95";"VAL-D'OISE";0;0;0;0;0;14911,3;33154,4
"95";21489,7;2013;"01";"AIN";242;803;3857;8692;38559;442356,9;247136,8
"96";18300;2013;"02";"AISNE";7;2474;423;17;219627;619491,9;344195,2
"97";18966,2;2013;"03";"ALLIER";125;685;436;2094;20032;40736,6;95977,1
"98";19003,3;2013;"04";"ALPES-DE-HAUTE-PROVENCE";106;711;424;4353;36266;99854;47148,3
"99";19199;2013;"05";"HAUTES-ALPES";41;144;62;340;5455;75874,5;19127,7
"100";20308,7;2013;"06";"ALPES-MARITIMES";44;125;14;223;1879;22418,1;10272,9
"101";19154;2013;"07";"ARDECHE";617;10405;12905;10617;517896;168072,3;35493,8
"102";18171;2013;"08";"ARDENNES";1;1;12;6;18;27558,8;59141,1
"103";18522,6;2013;"09";"ARIEGE";139;161;78;476;1251;7055,5;26116,7
"104";19120,7;2013;"10";"AUBE";23;7088;272;617;554229;836981,2;636220,3
"105";17653,3;2013;"11";"AUDE";5277;65614;73258;302029;3892421;1641172,5;795361,2
"106";19134;2013;"12";"AVEYRON";240;556;153;3741;13423;53085,6;73447
"107";19784,3;2013;"13";"BOUCHES-DU-RHONE";252;10001;4366;6140;507832;414238,1;116059,6
"108";19850;2013;"14";"CALVADOS";1;6;1;0;168;21787,3;44202
"109";18710,7;2013;"15";"CANTAL";3;11;0;55;219;1925,5;17221
"110";19265,3;2013;"16";"CHARENTE";840;39058;6217;22262;3907256;1931370,1;630428,9
"111";19631;2013;"17";"CHARENTE-MARITIME";1232;38705;22809;24177;3979850;1050762,7;515985,2
"112";19440,7;2013;"18";"CHER";105;4114;527;1834;229513;367307,8;93038,4
"113";19345,6;2013;"19";"CORREZE";117;179;35;1545;3530;96633,8;21743,2
"114";20855,3;2013;"21";"COTE-D'OR";77;9407;366;879;356391;637075,6;433448,5
"115";19844;2013;"22";"COTES-D'ARMOR";0;0;0;0;0;59092,9;42233,9
"116";17745,5;2013;"23";"CREUSE";0;0;0;0;0;2565,8;39166,8
"117";18755,7;2013;"24";"DORDOGNE";735;11899;4552;9717;389812;344731;126351,8
"118";20643,9;2013;"25";"DOUBS";19;36;191;224;768;6072,1;53161,2
"119";19391,3;2013;"26";"DROME";480;16263;503;4715;627229;783787,4;157868,1
"120";20287,9;2013;"27";"EURE";0;0;0;0;0;66908,9;222267,7
"121";20715,5;2013;"28";"EURE-ET-LOIR";1;1;0;9;9;87425,5;170272,6
"122";20267,3;2013;"29";"FINISTERE";0;0;0;0;0;186743,7;257343,9
"123";18419,5;2013;"30";"GARD";2886;53011;27147;182591;3197642;2191564,1;462626
"124";21791,5;2013;"31";"HAUTE-GARONNE";180;1596;194;3637;56950;92119,7;113524,5
"125";19487,3;2013;"32";"GERS";1881;18278;124568;17902;1283269;1251186,3;326078,9
"126";20800,5;2013;"33";"GIRONDE";1585;115416;8884;36135;3964661;4996688,4;1536180,8
"127";18764,7;2013;"34";"HERAULT";8400;80918;148947;679217;5716091;2213466,9;817616,9
"128";20688,3;2013;"35";"ILLE-ET-VILAINE";0;0;0;0;0;16775,8;58152,8
"129";18926,6;2013;"36";"INDRE";188;557;1470;4877;27399;80474,2;299838,2
"130";20402,7;2013;"37";"INDRE-ET-LOIRE";627;9937;10699;18920;418541;517324,8;437901,7
"131";21213,3;2013;"38";"ISERE";309;610;1414;3909;15905;157289,3;46394,3
"132";19920,5;2013;"39";"JURA";168;2105;1907;1580;58288;88338,4;58237,6
"133";20024,6;2013;"40";"LANDES";238;1671;6394;2415;90718;178693,8;152478,6
"134";19991;2013;"41";"LOIR-ET-CHER";743;6552;11237;22300;345089;523674,8;160757,1
"135";19317,3;2013;"42";"LOIRE";169;924;1098;3414;28306;55465,3;32277,1
"136";19208,3;2013;"43";"HAUTE-LOIRE";37;37;29;486;515;2022,2;30942,2
"137";20796,7;2013;"44";"LOIRE-ATLANTIQUE";1319;11967;40556;44821;642999;576023,7;272352,4
"138";20677,6;2013;"45";"LOIRET";23;203;109;602;5771;87337,8;89540,7
"139";19262,2;2013;"46";"LOT";611;5055;130;12051;146451;245181,4;75099,1
"140";18618;2013;"47";"LOT-ET-GARONNE";612;6241;6287;14099;279431;1157820,2;317626,8
"141";18788,2;2013;"48";"LOZERE";2;11;21;221;461;1017;6336,5
"142";19479,6;2013;"49";"MAINE-ET-LOIRE";1050;19540;21356;28128;994432;781541,9;329184,5
"143";19249;2013;"50";"MANCHE";0;0;0;0;0;82675,2;90421,5
"144";20153,1;2013;"51";"MARNE";5;23945;75;60;2043341;1918995,6;980459,5
"145";18717,9;2013;"52";"HAUTE-MARNE";37;105;603;664;5798;3354,7;102303,9
"146";19295;2013;"53";"MAYENNE";2;2;49;32;81;12166,3;88857,6
"147";20206;2013;"54";"MEURTHE-ET-MOSELLE";207;274;462;1050;3901;17936,7;108543,8
"148";19150,7;2013;"55";"MEUSE";17;48;309;78;1903;19088,7;166383,3
"149";20117,9;2013;"56";"MORBIHAN";0;0;0;0;0;85660,1;76528,1
"150";20149,3;2013;"57";"MOSELLE";39;70;648;870;2690;14887,1;150503,6
"151";18971;2013;"58";"NIEVRE";53;1666;398;1046;81397;6384,4;8170,8
"152";18574,7;2013;"59";"NORD";1;1;15;20;35;273160,8;109635,1
"153";20632,7;2013;"60";"OISE";1;1;3;1;4;70268,5;273125,5
"154";18684;2013;"61";"ORNE";1;1;0;5;5;73575,1;88588
"155";17706,2;2013;"62";"PAS-DE-CALAIS";0;0;0;0;0;436160;292845,3
"156";20490,6;2013;"63";"PUY-DE-DOME";290;635;208;4710;16934;29022,1;54767,5
"157";20510;2013;"64";"PYRENEES-ATLANTIQUES";283;2649;410;1920;78026;241973,2;139381,5
"158";19359,3;2013;"65";"HAUTES-PYRENEES";107;341;128;1909;11529;45684,5;29196,1
"159";17906,7;2013;"66";"PYRENEES-ORIENTALES";761;23496;16965;25764;773826;585128,1;136080
"160";21495,3;2013;"67";"BAS-RHIN";48;6642;2161;181;441286;169580,1;80963,9
"161";21803,3;2013;"68";"HAUT-RHIN";22;8965;837;104;553451;398450,4;219758,6
"162";21267,1;2013;"69";"RHONE";274;17075;1605;8083;761962;529403,6;132184,1
"163";18993,9;2013;"70";"HAUTE-SAONE";57;118;392;814;2821;18409,6;77147,6
"164";19363,5;2013;"71";"SAONE-ET-LOIRE";133;13181;1619;1672;642862;502879,6;195251,7
"165";19586,7;2013;"72";"SARTHE";80;225;778;1173;7798;127973,7;129946,4
"166";21195,4;2013;"73";"SAVOIE";111;1901;1777;3210;101940;122257,3;24291,7
"167";24022,5;2013;"74";"HAUTE-SAVOIE";119;268;5251;1826;12843;45238;14548,8
"168";25981,3;2013;"75";"PARIS";0;0;0;0;0;684,1;167
"169";19811,3;2013;"76";"SEINE-MARITIME";0;0;0;0;0;139130,5;164796,3
"170";22006,5;2013;"77";"SEINE-ET-MARNE";0;22;0;0;1901;28097,1;70471,1
"171";25420,7;2013;"78";"YVELINES";0;0;0;0;0;36106,3;70574
"172";19335,3;2013;"79";"DEUX-SEVRES";375;1045;1683;6548;47591;969496,6;370387,2
"173";18879;2013;"80";"SOMME";0;0;0;0;0;355337,6;286672,1
"174";19143,9;2013;"81";"TARN";1218;6876;16486;28706;309638;209069,3;130368,7
"175";18689;2013;"82";"TARN-ET-GARONNE";423;1555;437;13965;61430;456517,9;158281,9
"176";19933;2013;"83";"VAR";459;28088;3282;20040;1358425;1053741,2;227139,4
"177";18380;2013;"84";"VAUCLUSE";1878;46924;19171;36798;1663943;2544806,6;611302,3
"178";19632,7;2013;"85";"VENDEE";661;1400;3287;19454;61667;64239,6;138044,8
"179";19654;2013;"86";"VIENNE";608;1513;6648;9927;69273;75756,6;338964
"180";19492;2013;"87";"HAUTE-VIENNE";1;7;0;14;313;6792,6;22488,1
"181";18946,1;2013;"88";"VOSGES";27;27;18;659;677;5086,5;28388,3
"182";19526;2013;"89";"YONNE";73;7283;373;1267;294480;365374,7;247778,3
"183";20072;2013;"90";"TERRITOIRE DE BELFORT";0;1;0;0;5;868,9;832,8
"184";22819,3;2013;"91";"ESSONNE";0;0;0;0;0;10624;19934,8
"185";25787,1;2013;"92";"HAUTS-DE-SEINE";0;0;0;0;0;1482,6;879,6
"186";16744,6;2013;"93";"SEINE-SAINT-DENIS";0;0;0;0;0;3746,4;1198,4
"187";21526;2013;"94";"VAL-DE-MARNE";0;0;0;0;0;3749,6;1047,2
"188";20778,3;2013;"95";"VAL-D'OISE";0;0;0;0;0;11262,3;40194,7
"189";21704;2014;"01";"AIN";216;771;3427;9200;42031;187202,7;116059,9
"190";17968;2014;"02";"AISNE";7;2499;388;15;214779;713416,7;324161,9
"191";18626;2014;"03";"ALLIER";100;643;641;2771;27420;56054,3;91592,9
"192";18990;2014;"04";"ALPES-DE-HAUTE-PROVENCE";87;688;469;6886;46905;85243,3;63319,7
"193";19322;2014;"05";"HAUTES-ALPES";31;130;48;346;4960;74892,7;17110,6
"194";21044;2014;"06";"ALPES-MARITIMES";11;85;24;318;2786;27965,6;10597,4
"195";18932;2014;"07";"ARDECHE";755;10564;13946;21653;622520;162611,1;43799,9
"196";17936;2014;"08";"ARDENNES";1;1;20;5;24;40154,2;77526,7
"197";18058;2014;"09";"ARIEGE";50;103;3;278;2305;10746,6;39496,1
"198";19088;2014;"10";"AUBE";25;7187;358;663;648124;909456,2;679812,5
"199";17332;2014;"11";"AUDE";4360;64774;42409;233365;3621870;1533689,8;777937,3
"200";18826;2014;"12";"AVEYRON";293;616;152;3971;17890;61043,5;108056,2
"201";20164;2014;"13";"BOUCHES-DU-RHONE";331;10043;7865;20541;676055;483909,6;128990,1
"202";19934;2014;"14";"CALVADOS";1;6;1;0;210;32041,8;58137,8
"203";18426;2014;"15";"CANTAL";2;10;5;42;280;2616,4;23892,4
"204";19112;2014;"16";"CHARENTE";801;39208;8925;25672;4307967;2973584,3;988847,1
"205";19556;2014;"17";"CHARENTE-MARITIME";1072;38742;34138;37626;4298342;1613286;629125,3
"206";19428;2014;"18";"CHER";98;4139;570;1566;251222;562565,2;424026,2
"207";19444;2014;"19";"CORREZE";111;179;28;2021;4625;105696,2;30909,1
"208";21186;2014;"21";"COTE-D'OR";75;9530;935;1429;420727;506113,5;490561,4
"209";18484;2014;"24";"DORDOGNE";692;11722;4672;15954;524459;519871,7;227134,7
"210";21070;2014;"25";"DOUBS";18;27;324;321;897;5907,3;53021,3
"211";19182;2014;"26";"DROME";309;16130;852;15228;854204;676610,4;182646,4
"212";20794;2014;"28";"EURE-ET-LOIR";1;1;0;6;6;170791,9;234860,6
"213";18288;2014;"30";"GARD";3299;52804;35823;281681;3531719;2539214,4;566917,7
"214";22160;2014;"31";"HAUTE-GARONNE";156;1551;286;5216;84052;89701,4;97107,9
"215";18972;2014;"32";"GERS";3245;18420;256848;34824;1558565;1604813,1;391231,6
"216";21038;2014;"33";"GIRONDE";2024;114724;11818;133007;5642353;5690871;1760148,3
"217";18854;2014;"34";"HERAULT";6205;81033;67957;367227;4727618;1854982,7;711870,5
"218";18714;2014;"36";"INDRE";176;564;1641;4231;26601;19983;150252,1
"219";20536;2014;"37";"INDRE-ET-LOIRE";577;9862;10364;18675;463793;456380;310995,7
"220";21400;2014;"38";"ISERE";273;495;2070;4763;17658;180355,2;48701,1
"221";20138;2014;"39";"JURA";156;2210;2421;1979;75601;101813;65973,5
"222";19956;2014;"40";"LANDES";181;1633;9143;1943;109235;188061,5;196801,8
"223";20002;2014;"41";"LOIR-ET-CHER";733;6489;10355;19465;333597;799731,6;225449,2
"224";19084;2014;"42";"LOIRE";218;1192;1866;4724;38569;70523,2;34889,5
"225";18718;2014;"43";"HAUTE-LOIRE";35;35;44;508;552;2894,5;38436
"226";21026;2014;"44";"LOIRE-ATLANTIQUE";1657;11788;62591;47916;640470;730306,7;373566,8
"227";20822;2014;"45";"LOIRET";18;187;96;472;6399;111816,5;104232,8
"228";19002;2014;"46";"LOT";686;4993;370;47657;311201;291922,7;100087,5
"229";18180;2014;"47";"LOT-ET-GARONNE";638;6040;12098;23023;358806;1329992,2;328791,2
"230";18780;2014;"48";"LOZERE";2;13;0;39;333;1155,7;9602,1
"231";19282;2014;"49";"MAINE-ET-LOIRE";1063;19378;22658;30297;1049359;1012842,2;484570,3
"232";20540;2014;"51";"MARNE";3;23958;75;53;2232004;1848307;1074791,9
"233";18572;2014;"52";"HAUTE-MARNE";35;108;699;616;6853;4629,2;110453,6
"234";19068;2014;"53";"MAYENNE";2;2;47;29;76;12460,5;100649,3
"235";20298;2014;"54";"MEURTHE-ET-MOSELLE";51;196;514;867;5399;24209,4;113219,6
"236";18850;2014;"55";"MEUSE";9;42;366;110;2441;20517,6;184505,9
"237";20140;2014;"57";"MOSELLE";96;189;1410;591;4415;15760,9;164521,5
"238";18920;2014;"58";"NIEVRE";41;1543;494;1063;91087;8018,6;6313,8
"239";18292;2014;"59";"NORD";1;1;23;14;37;798562,7;117025,3
"240";20910;2014;"60";"OISE";1;1;2;0;2;116361,8;312380,6
"241";20536;2014;"63";"PUY-DE-DOME";312;797;331;4731;17948;39809,4;79565,5
"242";20606;2014;"64";"PYRENEES-ATLANTIQUES";247;2588;749;2477;92427;328142,3;162762,7
"243";19082;2014;"65";"HAUTES-PYRENEES";116;306;172;1786;10313;40759,5;40498
"244";17636;2014;"66";"PYRENEES-ORIENTALES";1385;23640;24024;24310;826570;415912,3;161701,9
"245";21598;2014;"67";"BAS-RHIN";69;6662;2227;129;455951;163799,2;92405,6
"246";21904;2014;"68";"HAUT-RHIN";25;8978;1093;68;583113;449443,5;282548,2
"247";21666;2014;"69";"RHONE";297;16829;2077;10916;849496;720594,9;219592,6
"248";18782;2014;"70";"HAUTE-SAONE";54;119;589;765;3733;17668,3;83923,3
"249";19344;2014;"71";"SAONE-ET-LOIRE";95;12923;2523;1711;774843;392847;286732,8
"250";19542;2014;"72";"SARTHE";50;182;520;826;5844;101070,7;125646,7
"251";21552;2014;"73";"SAVOIE";127;1898;2656;2650;106863;138471,4;27900,4
"252";25042;2014;"74";"HAUTE-SAVOIE";91;249;3606;2080;12705;48691,8;19470,2
"253";22680;2014;"77";"SEINE-ET-MARNE";0;22;0;0;1829;29067,6;80953,6
"254";19138;2014;"79";"DEUX-SEVRES";226;918;720;6371;51255;975592;396023,7
"255";18690;2014;"81";"TARN";1010;6576;29502;36867;397101;240873,8;126322,1
"256";18166;2014;"82";"TARN-ET-GARONNE";485;1661;316;15593;85080;601248,1;130538,1
"257";20384;2014;"83";"VAR";457;27828;2856;24360;1568625;1235467,6;280022,5
"258";18222;2014;"84";"VAUCLUSE";1792;46584;21169;100206;2403997;3040732,9;684423,4
"259";19568;2014;"85";"VENDEE";631;1336;3583;17941;56744;71561;178143,3
"260";19584;2014;"86";"VIENNE";493;1438;1846;11479;68505;67395,1;306369,4
"261";19720;2014;"87";"HAUTE-VIENNE";1;7;2;16;363;10151,1;60000,8
"262";18620;2014;"88";"VOSGES";31;31;12;427;439;7687,9;27217,4
"263";19438;2014;"89";"YONNE";63;7430;576;1756;447947;407613,6;255519
"264";20416;2014;"90";"TERRITOIRE DE BELFORT";0;1;0;0;8;989,9;1251,4
"265";21980;2015;"01";"AIN";189;758;2977;7520;39233;120796,6;117915,2
"266";18104;2015;"02";"AISNE";5;2441;349;8;179477;222442,3;301479,1
"267";18806;2015;"03";"ALLIER";86;647;548;2233;27103;41618,2;100350,8
"268";19186;2015;"04";"ALPES-DE-HAUTE-PROVENCE";72;674;213;4593;41733;99311,2;60223,3
"269";19544;2015;"05";"HAUTES-ALPES";15;116;88;233;4456;63099;17334,1
"270";21272;2015;"06";"ALPES-MARITIMES";6;86;7;84;2245;25700,2;8652,9
"271";19096;2015;"07";"ARDECHE";640;10321;8601;11671;520944;137513,2;39178,2
"272";18070;2015;"08";"ARDENNES";0;0;3;2;5;25017,2;81692,7
"273";18224;2015;"09";"ARIEGE";15;67;16;412;2544;15958,2;56231,3
"274";19208;2015;"10";"AUBE";16;6968;204;393;514671;550581,8;671028,8
"275";17560;2015;"11";"AUDE";3694;67810;63675;244488;3884761;1337755,5;559378,8
"276";19094;2015;"12";"AVEYRON";83;404;97;1414;14223;85149,7;91583
"277";20366;2015;"13";"BOUCHES-DU-RHONE";275;10151;10380;9870;622859;450059,5;128121,4
"278";20160;2015;"14";"CALVADOS";0;5;1;0;183;26357,4;64737,5
"279";18654;2015;"15";"CANTAL";1;8;5;23;212;1546,4;16383,5
"280";19332;2015;"16";"CHARENTE";732;39145;24861;24830;4789078;1450374,1;700100,5
"281";19798;2015;"17";"CHARENTE-MARITIME";1122;38783;74960;42249;4862613;848488,3;594107
"282";19618;2015;"18";"CHER";102;4191;286;1239;235015;303384,5;366083,5
"283";19696;2015;"19";"CORREZE";65;139;13;1352;3335;73851,7;30207
"284";21416;2015;"21";"COTE-D'OR";85;9528;1029;2332;392048;372176,9;390729,5
"285";18684;2015;"24";"DORDOGNE";582;11476;5145;16415;518646;370695;219080,2
"286";21420;2015;"25";"DOUBS";14;22;209;194;652;5031,6;56904,1
"287";19422;2015;"26";"DROME";270;15995;987;8474;773637;641689,7;174877,6
"288";20952;2015;"28";"EURE-ET-LOIR";0;0;0;7;7;67756,3;231779,4
"289";18526;2015;"30";"GARD";2802;52498;42637;222984;3369402;2257185,5;655676,1
"290";22334;2015;"31";"HAUTE-GARONNE";190;1547;284;3818;78172;124661,4;185633,2
"291";19310;2015;"32";"GERS";2837;17711;358423;28556;1729100;527550,2;358218,3
"292";21250;2015;"33";"GIRONDE";1923;113645;11498;115409;5672267;3936737,5;1765786
"293";19098;2015;"34";"HERAULT";6171;81124;119405;426007;5552878;2076146,1;873184,2
"294";18842;2015;"36";"INDRE";171;557;1105;3226;22852;75957,1;232880,3
"295";20700;2015;"37";"INDRE-ET-LOIRE";581;9726;9793;17683;466382;300138,2;206309,5
"296";21594;2015;"38";"ISERE";463;690;1820;5275;19220;182319,4;50129
"297";20412;2015;"39";"JURA";164;2149;3005;3062;80253;38663,9;37869,5
"298";20146;2015;"40";"LANDES";209;1503;24007;3721;129449;128263,4;156692,1
"299";20200;2015;"41";"LOIR-ET-CHER";666;6454;10041;9143;299308;593748,3;197179,3
"300";19206;2015;"42";"LOIRE";132;940;1456;2976;35100;52248,7;32603,5
"301";18976;2015;"43";"HAUTE-LOIRE";41;41;18;551;569;2384,9;32773,7
"302";21282;2015;"44";"LOIRE-ATLANTIQUE";1890;11650;92146;52187;704726;668539,4;371033,4
"303";20976;2015;"45";"LOIRET";261;432;114;290;5776;49933,9;125066,6
"304";19318;2015;"46";"LOT";499;4902;310;27942;281515;215089,3;85027,1
"305";18434;2015;"47";"LOT-ET-GARONNE";629;5792;20381;22549;354391;723889,1;339376,9
"306";18838;2015;"48";"LOZERE";1;12;0;24;242;1628,2;7075,6
"307";19496;2015;"49";"MAINE-ET-LOIRE";1135;19340;24084;30185;1073591;698851,8;402954,9
"308";20662;2015;"51";"MARNE";5;23183;150;41;1806125;1779158;1114055,5
"309";18702;2015;"52";"HAUTE-MARNE";51;133;360;361;6326;5109,8;111370,1
"310";19202;2015;"53";"MAYENNE";2;2;45;23;568;12602,2;94828,8
"311";20528;2015;"54";"MEURTHE-ET-MOSELLE";63;141;712;877;5053;17594,5;88408,2
"312";19058;2015;"55";"MEUSE";8;41;284;91;1712;14400,9;196992
"313";20388;2015;"57";"MOSELLE";57;95;2302;704;4777;13494,1;148483
"314";19092;2015;"58";"NIEVRE";72;1585;431;766;86856;5696,3;18559,7
"315";18480;2015;"59";"NORD";1;1;22;22;44;110750,9;92912
"316";21048;2015;"60";"OISE";0;0;16;1;17;53819,7;326396,3
"317";17544;2015;"62";"PAS-DE-CALAIS";0;0;4;0;4;172205;262383,9
"318";20726;2015;"63";"PUY-DE-DOME";128;465;408;4522;18540;32769,8;79062,7
"319";20826;2015;"64";"PYRENEES-ATLANTIQUES";106;2427;675;3270;100680;156044,4;132149
"320";19356;2015;"65";"HAUTES-PYRENEES";256;468;82;1117;11278;35120,9;29448,3
"321";17920;2015;"66";"PYRENEES-ORIENTALES";771;22533;17684;21943;842710;598263;200751,9
"322";21782;2015;"67";"BAS-RHIN";33;6637;750;57;446908;180442,7;84266,2
"323";22226;2015;"68";"HAUT-RHIN";17;8942;766;339;559928;516675,5;314425,4
"324";21862;2015;"69";"RHONE";242;16669;2205;6596;705175;524193,4;177717,4
"325";19052;2015;"70";"HAUTE-SAONE";36;105;354;575;3439;95831,8;99262,3
"326";19542;2015;"71";"SAONE-ET-LOIRE";92;12951;1973;1476;727180;425863,1;353521,3
"327";19694;2015;"72";"SARTHE";57;205;729;1303;6871;74274,9;114248,8
"328";21792;2015;"73";"SAVOIE";105;1860;3824;2147;111007;117354,3;30466,9
"329";25618;2015;"74";"HAUTE-SAVOIE";90;248;3725;2183;11503;42685,3;17794,9
"330";22818;2015;"77";"SEINE-ET-MARNE";0;22;0;0;1716;22428,4;68786,4
"331";19338;2015;"79";"DEUX-SEVRES";251;946;972;6428;52892;859495,6;401954
"332";18884;2015;"81";"TARN";972;6460;24733;31407;354823;195894;116082,3
"333";18438;2015;"82";"TARN-ET-GARONNE";359;1606;227;11166;86067;622426,5;360873,8
"334";20618;2015;"83";"VAR";350;27663;2698;15664;1474641;1004763,3;253147,6
"335";18472;2015;"84";"VAUCLUSE";1547;45877;13889;61461;2152369;2954456,8;692806
"336";19788;2015;"85";"VENDEE";376;1084;3524;12832;55970;65644;187183
"337";19736;2015;"86";"VIENNE";330;1320;1520;7025;66607;50573,4;300495,2
"338";19900;2015;"87";"HAUTE-VIENNE";1;7;15;11;198;8612,3;24995,4
"339";18774;2015;"88";"VOSGES";21;21;173;380;553;5236,9;23113,3
"340";19586;2015;"89";"YONNE";49;7566;563;1075;459920;288314,2;259899,9
"341";20650;2015;"90";"TERRITOIRE DE BELFORT";1;1;11;0;18;1064,4;1083,7
"342";22266;2016;"01";"AIN";218;778;4635;9520;45435;143994,9;177072,5
"343";18336;2016;"02";"AISNE";4;2429;150;0;157345;411374,3;558042,5
"344";19008;2016;"03";"ALLIER";61;610;354;1682;25500;44141;225389,1
"345";19484;2016;"04";"ALPES-DE-HAUTE-PROVENCE";48;778;393;3271;43717;112627,6;93675
"346";19798;2016;"05";"HAUTES-ALPES";32;138;105;222;6308;69490,7;21339,7
"347";21576;2016;"06";"ALPES-MARITIMES";5;84;3;139;2593;25847,8;8437
"348";19378;2016;"07";"ARDECHE";781;10436;21765;24340;677308;176856,9;50252,7
"349";18476;2016;"09";"ARIEGE";14;64;12;221;2401;26066,5;49534,3
"350";19354;2016;"10";"AUBE";104;7091;63;107;338105;716445,5;1068614,8
"351";17824;2016;"11";"AUDE";3120;64370;44210;172821;3587812;1378023,2;620408,4
"352";19502;2016;"12";"AVEYRON";117;454;128;1716;16598;207517,1;132086,1
"353";20630;2016;"13";"BOUCHES-DU-RHONE";244;10313;6831;4343;594693;484165,6;165492
"354";20454;2016;"14";"CALVADOS";0;5;0;0;133;28026,7;88131,3
"355";19022;2016;"15";"CANTAL";1;8;2;8;180;1559;19584,8
"356";19560;2016;"16";"CHARENTE";713;39155;10811;16881;3668972;2010691,4;1108673,1
"357";20100;2016;"17";"CHARENTE-MARITIME";987;38924;53481;32449;4161166;1267965,4;774466,5
"358";19802;2016;"18";"CHER";37;4170;181;478;203169;370415,5;227040,8
"359";19934;2016;"19";"CORREZE";54;127;16;1029;3324;96605,2;30680,1
"360";21608;2016;"21";"COTE-D'OR";60;9669;362;355;273866;487673,5;523141,9
"361";18942;2016;"24";"DORDOGNE";687;11514;14815;34215;636836;441773,2;291999,3
"362";21790;2016;"25";"DOUBS";69;77;625;609;1442;3969,2;49959,4
"363";19728;2016;"26";"DROME";283;16041;2171;16290;848353;665728,7;239840,5
"364";21126;2016;"28";"EURE-ET-LOIR";0;0;0;7;7;64153,7;301426,1
"365";18808;2016;"30";"GARD";2554;52491;40354;213578;3469702;2757792,1;900395,8
"366";22616;2016;"31";"HAUTE-GARONNE";168;1492;357;7977;95950;85667,2;95075,1
"367";19584;2016;"32";"GERS";3664;18172;500707;36010;1924247;1051562,2;503892
"368";21576;2016;"33";"GIRONDE";2750;114074;38169;240767;6707680;4639864,2;2104959,6
"369";19382;2016;"34";"HERAULT";4740;81059;61527;246513;4629582;2636227,4;1031902,5
"370";19048;2016;"36";"INDRE";122;536;457;2280;22815;74812,2;269673,5
"371";20828;2016;"37";"INDRE-ET-LOIRE";526;9609;7567;11543;301701;1032265,8;379232,1
"372";21852;2016;"38";"ISERE";195;417;1877;4436;18869;187738,3;125794,7
"373";20774;2016;"39";"JURA";1357;3377;3785;2503;94637;57893,7;43118,7
"374";20432;2016;"40";"LANDES";352;1637;34498;4073;141616;149124,2;168524,9
"375";20418;2016;"41";"LOIR-ET-CHER";644;6390;6602;11626;274811;161775,1;496528
"376";19418;2016;"42";"LOIRE";173;985;2489;4854;45794;62181,2;39083,6
"377";19256;2016;"43";"HAUTE-LOIRE";12;12;19;134;152;1894,2;39097,1
"378";21598;2016;"44";"LOIRE-ATLANTIQUE";1299;11057;21529;28855;373922;823502,5;520051,1
"379";21142;2016;"45";"LOIRET";16;138;32;204;2695;70902,2;146650,7
"380";19610;2016;"46";"LOT";352;4812;565;15197;238975;268407,2;107790,9
"381";18648;2016;"47";"LOT-ET-GARONNE";746;5914;32322;33060;434665;1024165;403069,7
"382";19204;2016;"48";"LOZERE";0;11;1;6;306;925;6296,9
"383";19734;2016;"49";"MAINE-ET-LOIRE";988;19292;17667;26585;994976;787739;552302,3
"384";20890;2016;"51";"MARNE";1;23424;7;12;1592719;2002781,1;1748150,8
"385";18984;2016;"52";"HAUTE-MARNE";27;104;285;284;3372;3929,5;148903,3
"386";19448;2016;"53";"MAYENNE";1;1;45;0;45;11925,3;125268,5
"387";20740;2016;"54";"MEURTHE-ET-MOSELLE";35;110;983;795;5300;16545,2;126376,6
"388";19306;2016;"55";"MEUSE";7;39;390;13;2254;17502,4;215431,6
"389";20692;2016;"57";"MOSELLE";26;98;913;128;2549;12052,7;158284,6
"390";19298;2016;"58";"NIEVRE";29;1520;134;188;55825;5549,1;26773,6
"391";18780;2016;"59";"NORD";1;1;0;3;3;381298,7;184390,4
"392";21312;2016;"60";"OISE";0;0;9;0;9;82043,9;403798,5
"393";17870;2016;"62";"PAS-DE-CALAIS";0;0;4;0;4;546249,2;379558,6
"394";20946;2016;"63";"PUY-DE-DOME";98;439;254;2090;16432;23569,5;88810,9
"395";21044;2016;"64";"PYRENEES-ATLANTIQUES";136;2493;920;2757;116627;357047,9;297167,9
"396";19490;2016;"65";"HAUTES-PYRENEES";90;462;53;593;12403;61150,4;46860,6
"397";18172;2016;"66";"PYRENEES-ORIENTALES";813;25721;5544;9030;675176;1044916,9;400334
"398";22054;2016;"67";"BAS-RHIN";19;6615;789;47;540284;211728,3;123605,1
"399";22614;2016;"68";"HAUT-RHIN";32;8916;962;20;714342;669543,9;400201,1
"400";22176;2016;"69";"RHONE";303;16704;3531;19743;852145;663662,7;246260
"401";19370;2016;"70";"HAUTE-SAONE";1021;1243;274;258;2174;80346,8;137695,1
"402";19808;2016;"71";"SAONE-ET-LOIRE";77;12864;1972;1320;757308;570064,3;568047,8
"403";19968;2016;"72";"SARTHE";45;192;255;335;3604;86579,5;169114,4
"404";22156;2016;"73";"SAVOIE";122;1878;3369;2276;119297;147350,5;40124,1
"405";26194;2016;"74";"HAUTE-SAVOIE";87;242;3884;2131;14115;51798,5;20548,8
"406";23066;2016;"77";"SEINE-ET-MARNE";0;22;0;0;1437;24076,9;144197,4
"407";19660;2016;"79";"DEUX-SEVRES";102;804;748;2391;46296;875453,4;405218,9
"408";19152;2016;"81";"TARN";1045;6547;28574;66268;485724;238592,6;158730,1
"409";18724;2016;"82";"TARN-ET-GARONNE";283;1497;381;21993;107052;822765,7;488771
"410";20926;2016;"83";"VAR";364;27934;2806;19242;1469587;1038378,9;291372
"411";18842;2016;"84";"VAUCLUSE";1487;50316;9783;73690;2209301;2848520,6;816304,2
"412";20156;2016;"85";"VENDEE";243;977;1253;5412;35601;77469,3;244380,4
"413";19926;2016;"86";"VIENNE";271;1224;2858;3489;57164;59336,5;444727,9
"414";20116;2016;"87";"HAUTE-VIENNE";1;7;4;4;104;9126,5;35716,4
"415";19060;2016;"88";"VOSGES";9;9;3;71;74;5033,6;32461
"416";19784;2016;"89";"YONNE";24;7514;170;316;206712;414420,5;375245,5
