"","X","annee","ndep","dep","s_nig","s_total","q_blanc","q_rouge","q_total","p_blanc","p_rouge","revenu","qk_prod","ql_prod"
"1",1,2009,"01","AIN",264,826,3728,11071,46464,60.18311254,45.05833306,948.5071398,89946.2,28371.4
"2",2,2009,"02","AISNE",3,2365,10663,156,190429,60.18311254,45.05833306,948.5071398,532006.3,197926.1
"3",3,2009,"03","ALLIER",166,583,300,3801,19029,60.18311254,45.05833306,948.5071398,31934.2,59857.2
"4",4,2009,"04","ALPES-DE-HAUTE-PROVENCE",454,736,223,4724,40309,60.18311254,45.05833306,948.5071398,52528,25061
"5",5,2009,"05","HAUTE-MARNE",132,132,80,765,4678,60.18311254,45.05833306,948.5071398,4899.9,59440.1
"6",6,2009,"06","ALPES-MARITIMES",56,99,20,499,2184,60.18311254,45.05833306,948.5071398,16753.8,3657
"7",7,2009,"07","ARDECHE",8262,11159,1184,21055,510949,60.18311254,45.05833306,948.5071398,134889.4,27804.5
"8",8,2009,"08","ARDENNES",1,1,15,14,29,60.18311254,45.05833306,948.5071398,54574.3,26809.9
"9",9,2009,"09","ARIEGE",19,19,1,507,508,60.18311254,45.05833306,948.5071398,6532.4,9000.5
"10",10,2009,"10","AUBE",33,6923,51340,1113,565951,60.18311254,45.05833306,948.5071398,593677.2,256870.5
"11",11,2009,"11","AUDE",48042,68990,14289,163952,3621700,60.18311254,45.05833306,948.5071398,858173.6,204848.2
"12",12,2009,"12","AVEYRON",367,659,249,7131,20548,60.18311254,45.05833306,948.5071398,40013.8,12515.7
"13",13,2009,"13","BOUCHES-DU-RHONE",3581,10169,1242,11433,494711,60.18311254,45.05833306,948.5071398,373942.4,78035.4
"14",14,2009,"14","CALVADOS",3,3,7,0,152,60.18311254,45.05833306,948.5071398,57725.7,31781.5
"15",15,2009,"15","CANTAL",9,11,6,83,349,60.18311254,45.05833306,948.5071398,1961.4,3591.8
"16",16,2009,"16","CHARENTE",2421,39077,299431,80868,4071127,60.18311254,45.05833306,948.5071398,1069966.8,403714.8
"17",17,2009,"17","CHARENTE-MARITIME",5406,39060,985816,117529,4585471,60.18311254,45.05833306,948.5071398,682311.8,162467
"18",18,2009,"18","CHER",153,3853,156,2019,166589,60.18311254,45.05833306,948.5071398,247557,134495.3
"19",19,2009,"19","CORREZE",246,246,15,3783,6136,60.18311254,45.05833306,948.5071398,49116.5,9501.5
"20",20,2009,"21","COTE-D'OR",119,9478,3495,5141,488172,60.18311254,45.05833306,948.5071398,447942.7,156425.5
"21",21,2009,"22","COTES-D'ARMOR",0,0,0,0,0,60.18311254,45.05833306,948.5071398,65508.5,45910.7
"22",22,2009,"23","CREUSE",0,0,0,0,0,60.18311254,45.05833306,948.5071398,2537,6993.1
"23",23,2009,"24","DORDOGNE",1119,13060,5135,30048,605926,60.18311254,45.05833306,948.5071398,349295.3,43861.2
"24",24,2009,"25","DOUBS",32,32,292,373,948,60.18311254,45.05833306,948.5071398,3688.5,3675.8
"25",25,2009,"26","DROME",2650,17822,1724,20445,742325,60.18311254,45.05833306,948.5071398,547036,95991.2
"26",26,2009,"27","EURE",0,0,0,0,0,60.18311254,45.05833306,948.5071398,68335.4,89397.5
"27",27,2009,"28","EURE-ET-LOIR",1,1,3,12,15,60.18311254,45.05833306,948.5071398,2662803.6,201682.6
"28",28,2009,"29","FINISTERE",0,0,0,0,0,60.18311254,45.05833306,948.5071398,180430.5,71791
"29",29,2009,"2A","CORSE-DU-SUD",130,861,231,2077,30362,60.18311254,45.05833306,948.5071398,9238.1,7068
"30",30,2009,"2B","HAUT-RHIN",2996,5305,4993,3938,291865,60.18311254,45.05833306,948.5071398,243894.4,70970.8
"31",31,2009,"30","GARD",36939,58110,28280,230082,3186183,60.18311254,45.05833306,948.5071398,1204115.8,357480.6
"32",32,2009,"31","HAUTE-CORSE",820,1829,275,13217,94327,60.18311254,45.05833306,948.5071398,71333.5,49351
"33",33,2009,"32","GERS",14781,18454,237709,34281,1735698,60.18311254,45.05833306,948.5071398,610312.6,123173.9
"34",34,2009,"33","GIRONDE",1441,119477,19531,263118,6069096,60.18311254,45.05833306,948.5071398,2401369.8,359534.5
"35",35,2009,"34","HERAULT",66732,82402,30474,410878,4573307,60.18311254,45.05833306,948.5071398,1055896.2,429434.7
"36",36,2009,"35","ILLE-ET-VILAINE",0,0,0,0,0,60.18311254,45.05833306,948.5071398,22971.3,34064.6
"37",37,2009,"36","INDRE",400,651,1205,6592,30197,60.18311254,45.05833306,948.5071398,53342.9,111833.7
"38",38,2009,"37","INDRE-ET-LOIRE",866,10006,18143,27903,551866,60.18311254,45.05833306,948.5071398,247826,91154.2
"39",39,2009,"38","ISERE",349,507,2399,7572,23919,60.18311254,45.05833306,948.5071398,146684.7,30129.7
"40",40,2009,"39","JURA",182,2115,3325,3101,82760,60.18311254,45.05833306,948.5071398,50188.5,18536
"41",41,2009,"40","LANDES",1006,1807,19882,3127,135118,60.18311254,45.05833306,948.5071398,282939,118302.6
"42",42,2009,"41","LOIRET",2061,6986,12360,29253,407828,60.18311254,45.05833306,948.5071398,119520.7,70802.1
"43",43,2009,"42","LOIR-ET-CHER",360,985,1080,4706,35568,60.18311254,45.05833306,948.5071398,151988.6,59755.7
"44",44,2009,"43","HAUTE-GARONNE",50,50,23,984,1007,60.18311254,45.05833306,948.5071398,42880,61321.3
"45",45,2009,"44","LOIRE",2818,14442,43948,33949,901398,60.18311254,45.05833306,948.5071398,48153.4,11472.3
"46",46,2009,"45","LOIRE-ATLANTIQUE",86,261,338,1067,9316,60.18311254,45.05833306,948.5071398,741333.7,157495.1
"47",47,2009,"46","LOT",1665,5527,208,31403,270283,60.18311254,45.05833306,948.5071398,141725.2,24054.4
"48",48,2009,"47","LOT-ET-GARONNE",1617,6722,17832,45311,405868,60.18311254,45.05833306,948.5071398,585604,174820.6
"49",49,2009,"48","LOZERE",13,13,2,64,244,60.18311254,45.05833306,948.5071398,994.6,924
"50",50,2009,"49","MAINE-ET-LOIRE",1944,19652,13465,31653,1131405,60.18311254,45.05833306,948.5071398,665577,166760.3
"51",51,2009,"50","MANCHE",0,0,0,0,0,60.18311254,45.05833306,948.5071398,38314.3,55786.5
"52",52,2009,"51","MARNE",3,23778,182643,89,2074855,60.18311254,45.05833306,948.5071398,1812289.2,325514.5
"53",53,2009,"52","HAUTE-LOIRE",73,106,504,1026,4037,60.18311254,45.05833306,948.5071398,1184,6151.9
"54",54,2009,"53","MAYENNE",2,2,16,20,57,60.18311254,45.05833306,948.5071398,8625.2,28477.6
"55",55,2009,"54","MEURTHE-ET-MOSELLE",50,113,277,1438,4421,60.18311254,45.05833306,948.5071398,19662,47992.2
"56",56,2009,"55","MEUSE",39,39,170,112,1748,60.18311254,45.05833306,948.5071398,14850.3,69589.7
"57",57,2009,"56","MORBIHAN",0,0,0,0,0,60.18311254,45.05833306,948.5071398,94460.8,60263.5
"58",58,2009,"57","MOSELLE",14,21,140,375,722,60.18311254,45.05833306,948.5071398,22609.9,87275.2
"59",59,2009,"58","NIEVRE",188,1510,452,1383,65609,60.18311254,45.05833306,948.5071398,6134.2,16893.2
"60",60,2009,"59","NORD",1,1,6,0,6,60.18311254,45.05833306,948.5071398,446856.8,58609.7
"61",61,2009,"60","OISE",0,0,0,0,0,60.18311254,45.05833306,948.5071398,159571.8,119655.6
"62",62,2009,"61","ORNE",0,0,0,0,0,60.18311254,45.05833306,948.5071398,46182,66334.4
"63",63,2009,"62","PAS-DE-CALAIS",0,0,0,0,0,60.18311254,45.05833306,948.5071398,709274.8,145955.4
"64",64,2009,"63","PUY-DE-DOME",341,598,385,8127,23029,60.18311254,45.05833306,948.5071398,38900.3,41346.1
"65",65,2009,"64","PYRENEES-ATLANTIQUES",197,2470,667,3864,91885,60.18311254,45.05833306,948.5071398,718424,249619.4
"66",66,2009,"65","HAUTE-VIENNE",206,426,270,3649,16402,60.18311254,45.05833306,948.5071398,8668.4,4358.4
"67",67,2009,"66","PYRENEES-ORIENTALES",6853,26627,4401,24424,754416,60.18311254,45.05833306,948.5071398,630548.8,162948.2
"68",68,2009,"67","BAS-RHIN",78,6888,20541,948,545950,60.18311254,45.05833306,948.5071398,76418.3,31722.9
"69",69,2009,"68","HAUTES-PYRENEES",30,9043,25430,1243,693877,60.18311254,45.05833306,948.5071398,18470.5,8824.9
"70",70,2009,"69","RHONE",274,18461,2671,19512,857172,60.18311254,45.05833306,948.5071398,619138.2,71128.3
"71",71,2009,"70","HAUTE-SAONE",121,121,347,980,5158,60.18311254,45.05833306,948.5071398,12702.5,50227.9
"72",72,2009,"71","SAONE-ET-LOIRE",127,12998,17497,6285,779592,60.18311254,45.05833306,948.5071398,279964.6,97121.7
"73",73,2009,"72","SARTHE",104,250,991,2648,9843,60.18311254,45.05833306,948.5071398,89562,66428
"74",74,2009,"73","SAVOIE",231,1988,4846,6261,120571,60.18311254,45.05833306,948.5071398,126178.1,10357.6
"75",75,2009,"74","HAUTE-SAVOIE",116,257,4895,2029,14637,60.18311254,45.05833306,948.5071398,32900.9,4482.3
"76",76,2009,"75","PARIS",0,0,0,0,0,60.18311254,45.05833306,948.5071398,748,637.5
"77",77,2009,"76","SEINE-MARITIME",0,0,0,0,0,60.18311254,45.05833306,948.5071398,183756,59584.9
"78",78,2009,"77","SEINE-ET-MARNE",0,21,62,0,1513,60.18311254,45.05833306,948.5071398,18962.3,44407.2
"79",79,2009,"78","YVELINES",0,0,0,0,0,60.18311254,45.05833306,948.5071398,37999.8,22670
"80",80,2009,"79","DEUX-SEVRES",345,1009,1290,11380,56011,60.18311254,45.05833306,948.5071398,522522.8,120043.2
"81",81,2009,"80","SOMME",0,0,0,0,0,60.18311254,45.05833306,948.5071398,847338.1,177964.5
"82",82,2009,"81","TARN",3565,7162,8971,36623,391496,60.18311254,45.05833306,948.5071398,241880.9,57764.6
"83",83,2009,"82","TARN-ET-GARONNE",1012,1848,538,20911,96475,60.18311254,45.05833306,948.5071398,347002.1,67897.6
"84",84,2009,"83","VAUCLUSE",7051,29413,4511,28953,1371811,60.18311254,45.05833306,948.5071398,2313936.9,248952
"85",85,2009,"84","VENDEE",11078,49913,29897,80391,2010361,60.18311254,45.05833306,948.5071398,67950.3,58212.6
"86",86,2009,"85","VAR",1078,1618,4245,28971,80000,60.18311254,45.05833306,948.5071398,788886.8,85725.3
"87",87,2009,"86","VIENNE",1107,1816,5829,14949,91854,60.18311254,45.05833306,948.5071398,79511.7,175402.5
"88",88,2009,"87","HAUTES-ALPES",6,6,0,36,174,60.18311254,45.05833306,948.5071398,20061.5,11739.7
"89",89,2009,"88","VOSGES",42,42,17,1173,1190,60.18311254,45.05833306,948.5071398,3795.9,7020.6
"90",90,2009,"89","YONNE",93,6792,27345,3110,425227,60.18311254,45.05833306,948.5071398,266443.2,119278
"91",91,2009,"90","TERRITOIRE DE BELFORT",1,1,5,0,5,60.18311254,45.05833306,948.5071398,1443.3,8945.6
"92",92,2009,"91","ESSONNE",0,0,0,0,0,60.18311254,45.05833306,948.5071398,13544.9,12052.3
"93",93,2009,"92","HAUTS-DE-SEINE",0,0,0,0,0,60.18311254,45.05833306,948.5071398,2274.1,911.9
"94",94,2009,"93","SEINE-SAINT-DENIS",0,0,0,0,0,60.18311254,45.05833306,948.5071398,5944.8,3679.1
"95",95,2009,"94","VAL-D'OISE",0,0,0,0,0,60.18311254,45.05833306,948.5071398,21384.6,16927.1
"96",96,2009,"95","VAL-DE-MARNE",0,0,0,0,0,60.18311254,45.05833306,948.5071398,3890.9,785.2
"97",97,2010,"01","AIN",299,872,3971,10781,56212,53.42202991,51.47380002,960.9740536,110939.6,51893.4
"98",98,2010,"02","AISNE",7,2407,17769,19,186623,53.42202991,51.47380002,960.9740536,456642.5,245469.4
"99",99,2010,"03","ALLIER",321,862,465,3907,20211,53.42202991,51.47380002,960.9740536,36054.9,67399.2
"100",100,2010,"04","ALPES-DE-HAUTE-PROVENCE",432,697,395,4985,40042,53.42202991,51.47380002,960.9740536,63668.8,24426.2
"101",101,2010,"05","HAUTE-MARNE",215,215,69,655,5043,53.42202991,51.47380002,960.9740536,3959.1,45620.3
"102",102,2010,"06","ALPES-MARITIMES",68,118,46,403,2690,53.42202991,51.47380002,960.9740536,12241.1,4296.3
"103",103,2010,"07","ARDECHE",8178,11088,1113,14658,521605,53.42202991,51.47380002,960.9740536,176209.2,31497
"104",104,2010,"08","ARDENNES",1,1,16,12,28,53.42202991,51.47380002,960.9740536,45367.8,24368.5
"105",105,2010,"09","ARIEGE",70,70,14,428,1986,53.42202991,51.47380002,960.9740536,5106.4,1407.3
"106",106,2010,"10","AUBE",41,7038,26184,988,500263,53.42202991,51.47380002,960.9740536,440283,337660
"107",107,2010,"11","AUDE",46552,67078,12433,148671,3602658,53.42202991,51.47380002,960.9740536,2342726.5,426308
"108",108,2010,"12","AVEYRON",386,739,260,6495,17829,53.42202991,51.47380002,960.9740536,41858,15107.3
"109",109,2010,"13","BOUCHES-DU-RHONE",3650,10290,1199,15684,530727,53.42202991,51.47380002,960.9740536,483159.4,107864.6
"110",110,2010,"14","CALVADOS",3,3,115,15,130,53.42202991,51.47380002,960.9740536,28506,23917.2
"111",111,2010,"15","CANTAL",9,11,3,67,326,53.42202991,51.47380002,960.9740536,2391,2851.1
"112",112,2010,"16","CHARENTE",2360,39537,209493,94687,4320526,53.42202991,51.47380002,960.9740536,1534350.8,356059.7
"113",113,2010,"17","CHARENTE-MARITIME",4385,39075,539863,99515,4398606,53.42202991,51.47380002,960.9740536,820540.9,216602.6
"114",114,2010,"18","CHER",153,3918,457,2512,225731,53.42202991,51.47380002,960.9740536,193196.5,175813.7
"115",115,2010,"19","CORREZE",239,239,14,2982,5049,53.42202991,51.47380002,960.9740536,48903.6,7880.6
"116",116,2010,"21","COTE-D'OR",108,9452,1148,1754,378994,53.42202991,51.47380002,960.9740536,396655.7,250763.1
"117",117,2010,"22","COTES-D'ARMOR",0,0,0,0,0,53.42202991,51.47380002,960.9740536,69102.2,42846.1
"118",118,2010,"23","CREUSE",0,0,0,0,0,53.42202991,51.47380002,960.9740536,2735.6,11914.3
"119",119,2010,"24","DORDOGNE",1011,12660,8907,21795,591736,53.42202991,51.47380002,960.9740536,365043.3,72809.5
"120",120,2010,"25","DOUBS",49,49,412,287,1091,53.42202991,51.47380002,960.9740536,4110.9,10075
"121",121,2010,"26","DROME",2592,17037,2018,10791,691774,53.42202991,51.47380002,960.9740536,617123.3,91366.8
"122",122,2010,"27","EURE",0,0,0,0,0,53.42202991,51.47380002,960.9740536,166600.7,100667.3
"123",123,2010,"28","EURE-ET-LOIR",1,1,9,3,12,53.42202991,51.47380002,960.9740536,108371,120603.8
"124",124,2010,"29","FINISTERE",0,0,0,0,0,53.42202991,51.47380002,960.9740536,174237.4,60982.8
"125",125,2010,"2A","CORSE-DU-SUD",148,854,236,3123,34883,53.42202991,51.47380002,960.9740536,38345,14911.3
"126",126,2010,"2B","HAUT-RHIN",2934,4968,13924,7135,341392,53.42202991,51.47380002,960.9740536,238584.3,101686.1
"127",127,2010,"30","GARD",34754,54774,33820,179372,3073388,53.42202991,51.47380002,960.9740536,1204456.9,351284.9
"128",128,2010,"31","HAUTE-CORSE",735,1769,354,7700,80657,53.42202991,51.47380002,960.9740536,86294.9,38329
"129",129,2010,"32","GERS",15182,18651,191189,84600,1580386,53.42202991,51.47380002,960.9740536,1045476.3,130558.3
"130",130,2010,"33","GIRONDE",1806,117182,36543,254743,5987696,53.42202991,51.47380002,960.9740536,3076193.8,631948.4
"131",131,2010,"34","HERAULT",65626,80518,33482,284116,4575462,53.42202991,51.47380002,960.9740536,1192634.8,368854.3
"132",132,2010,"35","ILLE-ET-VILAINE",0,0,0,0,0,53.42202991,51.47380002,960.9740536,23925.3,46960.1
"133",133,2010,"36","INDRE",376,640,3109,7102,33166,53.42202991,51.47380002,960.9740536,64302,104187.1
"134",134,2010,"37","INDRE-ET-LOIRE",828,10253,13626,22899,513591,53.42202991,51.47380002,960.9740536,632677.1,123615.5
"135",135,2010,"38","ISERE",441,616,2481,6510,21894,53.42202991,51.47380002,960.9740536,129424.5,38715.8
"136",136,2010,"39","JURA",291,2414,3478,2862,89683,53.42202991,51.47380002,960.9740536,75612.8,35330.6
"137",137,2010,"40","LANDES",1021,2164,14212,9916,136028,53.42202991,51.47380002,960.9740536,293280.4,114362.2
"138",138,2010,"41","LOIRET",2014,6854,28048,35218,417630,53.42202991,51.47380002,960.9740536,106218.3,64661.2
"139",139,2010,"42","LOIR-ET-CHER",413,1041,1417,3799,35661,53.42202991,51.47380002,960.9740536,190324.7,176862.2
"140",140,2010,"43","HAUTE-GARONNE",46,46,26,820,846,53.42202991,51.47380002,960.9740536,59013.5,39451
"141",141,2010,"44","LOIRE",3390,14374,124713,61074,889511,53.42202991,51.47380002,960.9740536,48922.4,15637.2
"142",142,2010,"45","LOIRE-ATLANTIQUE",86,223,427,1396,8401,53.42202991,51.47380002,960.9740536,553288.9,173708.9
"143",143,2010,"46","LOT",1359,5211,181,15883,161372,53.42202991,51.47380002,960.9740536,191143.6,46137
"144",144,2010,"47","LOT-ET-GARONNE",1516,6433,11762,31123,375377,53.42202991,51.47380002,960.9740536,756668.9,155039.3
"145",145,2010,"48","LOZERE",8,8,0,57,176,53.42202991,51.47380002,960.9740536,1297.4,1592.7
"146",146,2010,"49","MAINE-ET-LOIRE",2112,19463,28237,41146,1105618,53.42202991,51.47380002,960.9740536,513970.8,170734.4
"147",147,2010,"50","MANCHE",0,0,0,0,0,53.42202991,51.47380002,960.9740536,72147,57168.7
"148",148,2010,"51","MARNE",3,23902,117762,86,1789857,53.42202991,51.47380002,960.9740536,1451395.1,547334.2
"149",149,2010,"52","HAUTE-LOIRE",102,136,419,814,5723,53.42202991,51.47380002,960.9740536,1169.8,11211.2
"150",150,2010,"53","MAYENNE",1,1,21,21,77,53.42202991,51.47380002,960.9740536,8615.4,20969.9
"151",151,2010,"54","MEURTHE-ET-MOSELLE",55,122,547,1139,4669,53.42202991,51.47380002,960.9740536,32555.7,64670.7
"152",152,2010,"55","MEUSE",38,38,186,104,1659,53.42202991,51.47380002,960.9740536,16914.3,65422.2
"153",153,2010,"56","MORBIHAN",0,0,0,0,0,53.42202991,51.47380002,960.9740536,74867.8,57527.3
"154",154,2010,"57","MOSELLE",91,165,517,294,2203,53.42202991,51.47380002,960.9740536,20839.6,85683
"155",155,2010,"58","NIEVRE",133,1524,511,1289,79958,53.42202991,51.47380002,960.9740536,4918.4,9843.3
"156",156,2010,"59","NORD",1,1,8,1,9,53.42202991,51.47380002,960.9740536,265010.2,67017.7
"157",157,2010,"60","OISE",1,1,3,1,4,53.42202991,51.47380002,960.9740536,118950.2,107964.7
"158",158,2010,"61","ORNE",0,0,0,0,0,53.42202991,51.47380002,960.9740536,57366.4,89539.4
"159",159,2010,"62","PAS-DE-CALAIS",0,0,0,0,0,53.42202991,51.47380002,960.9740536,316035.2,176958.4
"160",160,2010,"63","PUY-DE-DOME",312,580,205,7287,20257,53.42202991,51.47380002,960.9740536,33138.3,37154.9
"161",161,2010,"64","PYRENEES-ATLANTIQUES",223,2579,4385,5892,111499,53.42202991,51.47380002,960.9740536,1288725.9,169528.8
"162",162,2010,"65","HAUTE-VIENNE",187,403,348,5015,17105,53.42202991,51.47380002,960.9740536,8234.9,8461.5
"163",163,2010,"66","PYRENEES-ORIENTALES",6270,25431,4278,21654,714690,53.42202991,51.47380002,960.9740536,237292.4,84689.5
"164",164,2010,"67","BAS-RHIN",86,6643,8092,555,432417,53.42202991,51.47380002,960.9740536,63283.5,29866.3
"165",165,2010,"68","HAUTES-PYRENEES",49,8954,3231,281,471216,53.42202991,51.47380002,960.9740536,13267.1,12848.5
"166",166,2010,"69","RHONE",270,18113,3499,20734,849959,53.42202991,51.47380002,960.9740536,530850.7,126483.3
"167",167,2010,"70","HAUTE-SAONE",140,140,523,1192,4331,53.42202991,51.47380002,960.9740536,14508.1,47766.6
"168",168,2010,"71","SAONE-ET-LOIRE",143,12927,8022,4353,692812,53.42202991,51.47380002,960.9740536,295648.9,139977.3
"169",169,2010,"72","SARTHE",108,263,915,2138,8608,53.42202991,51.47380002,960.9740536,85641.1,78496.9
"170",170,2010,"73","SAVOIE",247,2046,4808,5681,121342,53.42202991,51.47380002,960.9740536,112058.5,11415.9
"171",171,2010,"74","HAUTE-SAVOIE",135,277,5514,2249,14420,53.42202991,51.47380002,960.9740536,53211.6,5820.6
"172",172,2010,"75","PARIS",0,0,0,0,0,53.42202991,51.47380002,960.9740536,970.4,398.7
"173",173,2010,"76","SEINE-MARITIME",0,0,0,0,0,53.42202991,51.47380002,960.9740536,387832.8,78733.4
"174",174,2010,"77","SEINE-ET-MARNE",1,21,283,0,1965,53.42202991,51.47380002,960.9740536,39609.6,50360.7
"175",175,2010,"78","YVELINES",0,0,0,0,0,53.42202991,51.47380002,960.9740536,32997,27334
"176",176,2010,"79","DEUX-SEVRES",355,1006,1026,8546,52923,53.42202991,51.47380002,960.9740536,717521.8,257305.4
"177",177,2010,"80","SOMME",0,0,0,0,0,53.42202991,51.47380002,960.9740536,403414.9,150602.7
"178",178,2010,"81","TARN",3526,6864,12842,62500,433943,53.42202991,51.47380002,960.9740536,316808.1,56376.8
"179",179,2010,"82","TARN-ET-GARONNE",1008,1843,765,17438,85178,53.42202991,51.47380002,960.9740536,435639.8,54787.8
"180",180,2010,"83","VAUCLUSE",6876,29114,5650,33928,1425119,53.42202991,51.47380002,960.9740536,2280151.4,277980.1
"181",181,2010,"84","VENDEE",9976,47977,31988,69719,1921161,53.42202991,51.47380002,960.9740536,54718.5,71058.2
"182",182,2010,"85","VAR",1076,1584,4873,29369,77331,53.42202991,51.47380002,960.9740536,1129484.5,196157.5
"183",183,2010,"86","VIENNE",1143,1856,7430,14117,85301,53.42202991,51.47380002,960.9740536,53589.6,155671.3
"184",184,2010,"87","HAUTES-ALPES",5,5,0,90,90,53.42202991,51.47380002,960.9740536,22697.5,9236.2
"185",185,2010,"88","VOSGES",56,56,30,808,838,53.42202991,51.47380002,960.9740536,3583.9,7799.4
"186",186,2010,"89","YONNE",102,6907,5906,2240,384085,53.42202991,51.47380002,960.9740536,183890.6,185207.7
"187",187,2010,"90","TERRITOIRE DE BELFORT",1,1,6,0,6,53.42202991,51.47380002,960.9740536,986.6,202
"188",188,2010,"91","ESSONNE",0,0,0,0,0,53.42202991,51.47380002,960.9740536,8432.7,8687.6
"189",189,2010,"92","HAUTS-DE-SEINE",0,0,0,0,0,53.42202991,51.47380002,960.9740536,1467.8,218.1
"190",190,2010,"93","SEINE-SAINT-DENIS",0,0,0,0,0,53.42202991,51.47380002,960.9740536,3182.2,5451.2
"191",191,2010,"94","VAL-D'OISE",0,0,0,0,0,53.42202991,51.47380002,960.9740536,14389.8,13274.2
"192",192,2010,"95","VAL-DE-MARNE",0,0,0,0,0,53.42202991,51.47380002,960.9740536,2973,266
"193",193,2011,"01","AIN",267,822,4679,12794,53338,48.59587398,59.68954902,959.043659,93289.5,80053.4
"194",194,2011,"02","AISNE",7,2334,13548,26,215154,48.59587398,59.68954902,959.043659,375677.6,280249.1
"195",195,2011,"03","ALLIER",123,682,914,2800,26069,48.59587398,59.68954902,959.043659,34151.1,88729.5
"196",196,2011,"04","ALPES-DE-HAUTE-PROVENCE",431,678,361,4195,33907,48.59587398,59.68954902,959.043659,52656.6,28208.2
"197",197,2011,"05","HAUTE-MARNE",123,123,77,445,3644,48.59587398,59.68954902,959.043659,5007.9,97133.8
"198",198,2011,"06","ALPES-MARITIMES",46,102,117,395,2904,48.59587398,59.68954902,959.043659,16129.3,4212.6
"199",199,2011,"07","ARDECHE",7948,10663,6648,32766,598254,48.59587398,59.68954902,959.043659,134043.5,25900.9
"200",200,2011,"08","ARDENNES",1,1,18,13,31,48.59587398,59.68954902,959.043659,46071.7,39234.9
"201",201,2011,"09","ARIEGE",66,66,53,490,1864,48.59587398,59.68954902,959.043659,7351.6,13470.5
"202",202,2011,"10","AUBE",31,6690,18109,1001,566234,48.59587398,59.68954902,959.043659,555554,523264.7
"203",203,2011,"11","AUDE",45697,64778,56934,366537,4335925,48.59587398,59.68954902,959.043659,1936887.4,478908.1
"204",204,2011,"12","AVEYRON",313,611,206,5463,16321,48.59587398,59.68954902,959.043659,37590.2,42485.6
"205",205,2011,"13","BOUCHES-DU-RHONE",3397,9802,4459,16716,596915,48.59587398,59.68954902,959.043659,502849.5,112830.1
"206",206,2011,"14","CALVADOS",3,3,0,0,146,48.59587398,59.68954902,959.043659,25070.8,33337.1
"207",207,2011,"15","CANTAL",8,10,5,57,276,48.59587398,59.68954902,959.043659,2530.2,11171.6
"208",208,2011,"16","CHARENTE",1891,39382,124796,83259,4570697,48.59587398,59.68954902,959.043659,869370,360043.8
"209",209,2011,"17","CHARENTE-MARITIME",3378,39502,290034,100711,4718607,48.59587398,59.68954902,959.043659,641397.5,298970.2
"210",210,2011,"18","CHER",596,4498,481,2427,230723,48.59587398,59.68954902,959.043659,257246.6,194170.4
"211",211,2011,"19","CORREZE",205,205,24,2925,4557,48.59587398,59.68954902,959.043659,77404.8,17525.9
"212",212,2011,"21","COTE-D'OR",103,9475,2261,1912,434565,48.59587398,59.68954902,959.043659,392408.2,321975.1
"213",213,2011,"22","COTES-D'ARMOR",0,0,0,0,0,48.59587398,59.68954902,959.043659,41987.6,34355.2
"214",214,2011,"23","CREUSE",0,0,0,0,0,48.59587398,59.68954902,959.043659,2323.7,23845.3
"215",215,2011,"24","DORDOGNE",1163,12349,5063,29648,583357,48.59587398,59.68954902,959.043659,223291.4,68046.1
"216",216,2011,"25","DOUBS",39,39,388,470,1340,48.59587398,59.68954902,959.043659,4393.3,30899.3
"217",217,2011,"26","DROME",2350,16428,1882,20493,795536,48.59587398,59.68954902,959.043659,558797.5,120916.6
"218",218,2011,"27","EURE",0,0,0,0,0,48.59587398,59.68954902,959.043659,74307.6,119552.9
"219",219,2011,"28","EURE-ET-LOIR",1,1,6,5,11,48.59587398,59.68954902,959.043659,98843.6,172484.8
"220",220,2011,"29","FINISTERE",0,0,0,0,0,48.59587398,59.68954902,959.043659,223693.3,162509.7
"221",221,2011,"2A","CORSE-DU-SUD",135,858,228,3332,34413,48.59587398,59.68954902,959.043659,56764.2,16960.2
"222",222,2011,"2B","HAUT-RHIN",2860,4888,11984,10390,310959,48.59587398,59.68954902,959.043659,301670.6,155128.5
"223",223,2011,"30","GARD",33487,52617,29650,400228,3492766,48.59587398,59.68954902,959.043659,1424959.6,318944.7
"224",224,2011,"31","HAUTE-CORSE",780,1690,466,17890,102538,48.59587398,59.68954902,959.043659,148531.4,42924.7
"225",225,2011,"32","GERS",14321,17836,479757,90153,1879415,48.59587398,59.68954902,959.043659,1085221.8,224945.5
"226",226,2011,"33","GIRONDE",4515,115225,33127,654708,6187886,48.59587398,59.68954902,959.043659,3507549.4,769380.3
"227",227,2011,"34","HERAULT",65904,80710,119398,758966,5879070,48.59587398,59.68954902,959.043659,1460105.7,493533.2
"228",228,2011,"35","ILLE-ET-VILAINE",0,0,0,0,0,48.59587398,59.68954902,959.043659,14195.6,40106.1
"229",229,2011,"36","INDRE",360,631,2487,7104,32601,48.59587398,59.68954902,959.043659,66845.5,204143.8
"230",230,2011,"37","INDRE-ET-LOIRE",778,9836,14640,29532,538116,48.59587398,59.68954902,959.043659,534446.7,306754.7
"231",231,2011,"38","ISERE",390,590,2714,7104,22856,48.59587398,59.68954902,959.043659,111572.8,48639
"232",232,2011,"39","JURA",221,2189,4971,3442,117499,48.59587398,59.68954902,959.043659,61839.1,64569.9
"233",233,2011,"40","LANDES",900,2035,27753,9113,177002,48.59587398,59.68954902,959.043659,104464.3,95638.8
"234",234,2011,"41","LOIRET",2021,6792,27924,32019,393092,48.59587398,59.68954902,959.043659,79112.9,76831.3
"235",235,2011,"42","LOIR-ET-CHER",362,945,2134,7224,38923,48.59587398,59.68954902,959.043659,102360.5,95090.9
"236",236,2011,"43","HAUTE-GARONNE",43,43,31,677,708,48.59587398,59.68954902,959.043659,56327.6,107329.8
"237",237,2011,"44","LOIRE",3846,13112,151144,65653,773228,48.59587398,59.68954902,959.043659,51402,22901.8
"238",238,2011,"45","LOIRE-ATLANTIQUE",75,242,187,839,6879,48.59587398,59.68954902,959.043659,322675.4,147851.4
"239",239,2011,"46","LOT",1735,5257,198,74522,320966,48.59587398,59.68954902,959.043659,122433.8,57539.6
"240",240,2011,"47","LOT-ET-GARONNE",1602,6274,22728,47084,402500,48.59587398,59.68954902,959.043659,726720.3,187791.4
"241",241,2011,"48","LOZERE",13,13,0,83,311,48.59587398,59.68954902,959.043659,1047.2,4539
"242",242,2011,"49","MAINE-ET-LOIRE",2380,19662,40635,65980,1099960,48.59587398,59.68954902,959.043659,432470.7,186090.5
"243",243,2011,"50","MANCHE",0,0,0,0,0,48.59587398,59.68954902,959.043659,63512.8,73349.9
"244",244,2011,"51","MARNE",5,22395,125560,64,2089220,48.59587398,59.68954902,959.043659,1553125.4,657925.7
"245",245,2011,"52","HAUTE-LOIRE",66,100,432,740,5851,48.59587398,59.68954902,959.043659,1522.2,32140.9
"246",246,2011,"53","MAYENNE",1,1,77,19,96,48.59587398,59.68954902,959.043659,12440.3,48004.5
"247",247,2011,"54","MEURTHE-ET-MOSELLE",44,104,339,1726,5520,48.59587398,59.68954902,959.043659,19586.6,69798.3
"248",248,2011,"55","MEUSE",39,39,457,210,1856,48.59587398,59.68954902,959.043659,18484.4,126976.8
"249",249,2011,"56","MORBIHAN",0,0,0,0,0,48.59587398,59.68954902,959.043659,89350.4,58291.5
"250",250,2011,"57","MOSELLE",22,115,466,434,2386,48.59587398,59.68954902,959.043659,21966.7,90495.4
"251",251,2011,"58","NIEVRE",140,1487,661,1434,86795,48.59587398,59.68954902,959.043659,4980.3,8308.7
"252",252,2011,"59","NORD",1,1,6,1,7,48.59587398,59.68954902,959.043659,133108.4,98885.1
"253",253,2011,"60","OISE",1,1,3,1,4,48.59587398,59.68954902,959.043659,95088.3,172667.5
"254",254,2011,"61","ORNE",1,1,0,3,3,48.59587398,59.68954902,959.043659,66161,85896.9
"255",255,2011,"62","PAS-DE-CALAIS",0,0,0,0,0,48.59587398,59.68954902,959.043659,241963.7,234854
"256",256,2011,"63","PUY-DE-DOME",380,650,264,6767,19988,48.59587398,59.68954902,959.043659,38597,61763.5
"257",257,2011,"64","PYRENEES-ATLANTIQUES",273,2514,681,5460,107434,48.59587398,59.68954902,959.043659,202051.3,122185.3
"258",258,2011,"65","HAUTE-VIENNE",170,378,278,4486,15510,48.59587398,59.68954902,959.043659,7865.9,15225.8
"259",259,2011,"66","PYRENEES-ORIENTALES",7152,25252,24930,74801,1018282,48.59587398,59.68954902,959.043659,450764.8,112326.2
"260",260,2011,"67","BAS-RHIN",79,6425,17649,943,519171,48.59587398,59.68954902,959.043659,166627.3,81463
"261",261,2011,"68","HAUTES-PYRENEES",29,8635,19582,1311,662386,48.59587398,59.68954902,959.043659,22002.5,17373.6
"262",262,2011,"69","RHONE",358,17632,8718,29379,905390,48.59587398,59.68954902,959.043659,483149.7,167649.6
"263",263,2011,"70","HAUTE-SAONE",139,139,479,977,5163,48.59587398,59.68954902,959.043659,12333.9,77880.1
"264",264,2011,"71","SAONE-ET-LOIRE",138,12800,23802,6876,783005,48.59587398,59.68954902,959.043659,351455.8,158556.4
"265",265,2011,"72","SARTHE",91,241,970,1800,9358,48.59587398,59.68954902,959.043659,87429.4,108648.8
"266",266,2011,"73","SAVOIE",209,1936,4716,5975,126494,48.59587398,59.68954902,959.043659,134239.2,28003.4
"267",267,2011,"74","HAUTE-SAVOIE",126,269,6239,2521,17127,48.59587398,59.68954902,959.043659,57946.2,15650.2
"268",268,2011,"75","PARIS",0,0,0,0,0,48.59587398,59.68954902,959.043659,2679.2,492.7
"269",269,2011,"76","SEINE-MARITIME",0,0,0,0,0,48.59587398,59.68954902,959.043659,101728.1,116361.8
"270",270,2011,"77","SEINE-ET-MARNE",0,22,251,0,2132,48.59587398,59.68954902,959.043659,32228.4,81831.5
"271",271,2011,"78","YVELINES",0,0,0,0,0,48.59587398,59.68954902,959.043659,37965.8,37765.7
"272",272,2011,"79","DEUX-SEVRES",357,993,1600,10035,51846,48.59587398,59.68954902,959.043659,661667.8,273514.3
"273",273,2011,"80","SOMME",0,0,0,0,0,48.59587398,59.68954902,959.043659,395511.2,228129.5
"274",274,2011,"81","TARN",3763,6731,16193,74165,461133,48.59587398,59.68954902,959.043659,199434.9,92529.2
"275",275,2011,"82","TARN-ET-GARONNE",1006,1684,478,26599,109536,48.59587398,59.68954902,959.043659,431111.1,113996.3
"276",276,2011,"83","VAUCLUSE",6582,28457,3235,32477,1459755,48.59587398,59.68954902,959.043659,2486444.1,375509.8
"277",277,2011,"84","VENDEE",10219,46934,21142,116711,2191749,48.59587398,59.68954902,959.043659,55857.5,108848.9
"278",278,2011,"85","VAR",965,1471,5009,29254,74963,48.59587398,59.68954902,959.043659,1067292.1,151382.8
"279",279,2011,"86","VIENNE",1056,1641,5649,16017,88225,48.59587398,59.68954902,959.043659,52791.3,243584.6
"280",280,2011,"87","HAUTES-ALPES",6,6,0,33,188,48.59587398,59.68954902,959.043659,21839.9,10835.3
"281",281,2011,"88","VOSGES",31,31,18,612,630,48.59587398,59.68954902,959.043659,3888,11927.9
"282",282,2011,"89","YONNE",84,6994,46323,2808,468101,48.59587398,59.68954902,959.043659,167551.5,195472.6
"283",283,2011,"90","TERRITOIRE DE BELFORT",1,1,10,0,10,48.59587398,59.68954902,959.043659,975.3,1441.4
"284",284,2011,"91","ESSONNE",0,0,0,0,0,48.59587398,59.68954902,959.043659,9863.9,14848.4
"285",285,2011,"92","HAUTS-DE-SEINE",0,0,0,0,0,48.59587398,59.68954902,959.043659,2100,502
"286",286,2011,"93","SEINE-SAINT-DENIS",0,0,0,0,0,48.59587398,59.68954902,959.043659,6081.4,1018
"287",287,2011,"94","VAL-D'OISE",0,0,0,0,0,48.59587398,59.68954902,959.043659,17842.2,18048.5
"288",288,2011,"95","VAL-DE-MARNE",0,0,0,0,0,48.59587398,59.68954902,959.043659,5969.8,919.9
"289",289,2012,"01","AIN",304,864,3489,9020,37703,57.90157163,57.78598753,942.23533,120792.2,107052.4
"290",290,2012,"02","AISNE",7,2449,170,10,123781,57.90157163,57.78598753,942.23533,379615.1,303450.2
"291",291,2012,"03","ALLIER",137,697,537,2548,23492,57.90157163,57.78598753,942.23533,36965.7,90015.4
"292",292,2012,"04","ALPES-DE-HAUTE-PROVENCE",95,697,350,6421,40890,57.90157163,57.78598753,942.23533,68981,30656
"293",293,2012,"05","HAUTE-MARNE",25,110,53,290,3417,57.90157163,57.78598753,942.23533,4415.8,125749.1
"294",294,2012,"06","ALPES-MARITIMES",18,96,12,329,2403,57.90157163,57.78598753,942.23533,22650.2,6249.8
"295",295,2012,"07","ARDECHE",608,10489,10293,14594,550751,57.90157163,57.78598753,942.23533,142657.1,30858.1
"296",296,2012,"08","ARDENNES",1,1,9,9,18,57.90157163,57.78598753,942.23533,42969.6,53342.8
"297",297,2012,"09","ARIEGE",152,200,0,325,2093,57.90157163,57.78598753,942.23533,8503.6,17411.9
"298",298,2012,"10","AUBE",25,7018,204,574,404345,57.90157163,57.78598753,942.23533,683097.2,642478.1
"299",299,2012,"11","AUDE",3695,64435,32598,174278,3533977,57.90157163,57.78598753,942.23533,1406180,375675.8
"300",300,2012,"12","AVEYRON",310,622,188,4953,17387,57.90157163,57.78598753,942.23533,38764.4,45781
"301",301,2012,"13","BOUCHES-DU-RHONE",276,10051,1779,11980,548726,57.90157163,57.78598753,942.23533,646659.9,128478.9
"302",302,2012,"14","CALVADOS",0,3,0,0,104,57.90157163,57.78598753,942.23533,20782.2,40898.1
"303",303,2012,"15","CANTAL",3,11,5,64,296,57.90157163,57.78598753,942.23533,1868.2,16795.4
"304",304,2012,"16","CHARENTE",1035,39024,20456,35778,3739176,57.90157163,57.78598753,942.23533,1542720.4,458350.9
"305",305,2012,"17","CHARENTE-MARITIME",1469,38785,68623,46133,3999281,57.90157163,57.78598753,942.23533,893264.6,427477.4
"306",306,2012,"18","CHER",125,4085,403,1664,217078,57.90157163,57.78598753,942.23533,353973.9,260053
"307",307,2012,"19","CORREZE",136,205,8,2824,4749,57.90157163,57.78598753,942.23533,87944.8,17923.3
"308",308,2012,"21","COTE-D'OR",67,9484,552,1081,295199,57.90157163,57.78598753,942.23533,599501.8,426669.2
"309",309,2012,"22","COTES-D'ARMOR",0,0,0,0,0,57.90157163,57.78598753,942.23533,62959.3,40752.9
"310",310,2012,"23","CREUSE",0,0,0,0,0,57.90157163,57.78598753,942.23533,2345,25628.1
"311",311,2012,"24","DORDOGNE",847,12086,3937,18182,542002,57.90157163,57.78598753,942.23533,298010.2,109205.5
"312",312,2012,"25","DOUBS",17,36,201,254,690,57.90157163,57.78598753,942.23533,4745.2,35540.9
"313",313,2012,"26","DROME",231,16262,566,6006,734766,57.90157163,57.78598753,942.23533,568493.4,133247.5
"314",314,2012,"27","EURE",0,0,0,0,0,57.90157163,57.78598753,942.23533,70296.7,153497.5
"315",315,2012,"28","EURE-ET-LOIR",1,1,0,3,3,57.90157163,57.78598753,942.23533,122925.3,177271.2
"316",316,2012,"29","FINISTERE",0,0,0,0,0,57.90157163,57.78598753,942.23533,243194.8,238642.9
"317",317,2012,"2A","CORSE-DU-SUD",103,854,310,3488,31500,57.90157163,57.78598753,942.23533,38181.9,11760.2
"318",318,2012,"2B","HAUT-RHIN",233,4952,11801,4988,312333,57.90157163,57.78598753,942.23533,383875.1,212348.9
"319",319,2012,"30","GARD",3037,52666,41047,196850,3270564,57.90157163,57.78598753,942.23533,1490700.3,330375.5
"320",320,2012,"31","HAUTE-CORSE",188,1642,154,6145,86057,57.90157163,57.78598753,942.23533,183578.5,56467.8
"321",321,2012,"32","GERS",3216,18264,316535,55540,1703299,57.90157163,57.78598753,942.23533,1259488.4,266706.4
"322",322,2012,"33","GIRONDE",2352,115348,12408,168344,5622317,57.90157163,57.78598753,942.23533,4122377.1,1172228
"323",323,2012,"34","HERAULT",6580,80807,43883,362016,4792334,57.90157163,57.78598753,942.23533,2088113.7,622689.2
"324",324,2012,"35","ILLE-ET-VILAINE",0,0,0,0,0,57.90157163,57.78598753,942.23533,14910.3,58043.6
"325",325,2012,"36","INDRE",292,669,747,3290,18876,57.90157163,57.78598753,942.23533,59159.2,219600.4
"326",326,2012,"37","INDRE-ET-LOIRE",736,10012,4711,13026,380340,57.90157163,57.78598753,942.23533,979007.4,379653.1
"327",327,2012,"38","ISERE",325,582,1814,7234,21479,57.90157163,57.78598753,942.23533,122906.3,52124.5
"328",328,2012,"39","JURA",184,2192,2277,2024,74692,57.90157163,57.78598753,942.23533,67423,48527.2
"329",329,2012,"40","LANDES",310,1798,15754,4359,121006,57.90157163,57.78598753,942.23533,132033.2,135841.6
"330",330,2012,"41","LOIRET",1008,6905,6227,11903,209042,57.90157163,57.78598753,942.23533,90456.8,85446.6
"331",331,2012,"42","LOIR-ET-CHER",220,1044,2130,5845,36966,57.90157163,57.78598753,942.23533,120339,115978.2
"332",332,2012,"43","HAUTE-GARONNE",40,40,16,565,581,57.90157163,57.78598753,942.23533,266683.2,241767.9
"333",333,2012,"44","LOIRE",1510,12318,24597,31405,376580,57.90157163,57.78598753,942.23533,47552.5,31133.8
"334",334,2012,"45","LOIRE-ATLANTIQUE",21,225,78,394,4673,57.90157163,57.78598753,942.23533,515938.3,230680
"335",335,2012,"46","LOT",753,5090,130,36942,247952,57.90157163,57.78598753,942.23533,132114.8,59884.1
"336",336,2012,"47","LOT-ET-GARONNE",766,6208,19965,27552,360084,57.90157163,57.78598753,942.23533,829300,239941
"337",337,2012,"48","LOZERE",5,5,0,41,303,57.90157163,57.78598753,942.23533,918.7,5368.6
"338",338,2012,"49","MAINE-ET-LOIRE",1062,19520,12972,21129,845049,57.90157163,57.78598753,942.23533,749901.9,339967.8
"339",339,2012,"50","MANCHE",0,0,0,0,0,57.90157163,57.78598753,942.23533,72283.6,94267.7
"340",340,2012,"51","MARNE",5,23499,61,35,1478365,57.90157163,57.78598753,942.23533,2030675,914705.9
"341",341,2012,"52","HAUTE-LOIRE",26,101,218,373,4013,57.90157163,57.78598753,942.23533,1858.5,29057
"342",342,2012,"53","MAYENNE",1,1,19,12,31,57.90157163,57.78598753,942.23533,13531.4,72723
"343",343,2012,"54","MEURTHE-ET-MOSELLE",95,149,216,680,2382,57.90157163,57.78598753,942.23533,21352.4,102155.5
"344",344,2012,"55","MEUSE",7,38,198,22,1023,57.90157163,57.78598753,942.23533,16149.2,155071.4
"345",345,2012,"56","MORBIHAN",0,0,0,0,0,57.90157163,57.78598753,942.23533,69346.9,65643.3
"346",346,2012,"57","MOSELLE",35,57,75,164,742,57.90157163,57.78598753,942.23533,18643.7,140895.7
"347",347,2012,"58","NIEVRE",74,1500,413,903,84107,57.90157163,57.78598753,942.23533,5579.2,9284.4
"348",348,2012,"59","NORD",1,1,12,7,19,57.90157163,57.78598753,942.23533,190467.7,87419.1
"349",349,2012,"60","OISE",0,0,0,0,0,57.90157163,57.78598753,942.23533,81111.6,205536.6
"350",350,2012,"61","ORNE",0,0,0,0,0,57.90157163,57.78598753,942.23533,73393.6,104971.1
"351",351,2012,"62","PAS-DE-CALAIS",0,0,0,0,0,57.90157163,57.78598753,942.23533,379168.3,265116.8
"352",352,2012,"63","PUY-DE-DOME",224,565,229,5656,18841,57.90157163,57.78598753,942.23533,30181.4,55697.7
"353",353,2012,"64","PYRENEES-ATLANTIQUES",143,2495,679,4336,107939,57.90157163,57.78598753,942.23533,191436.2,110847.7
"354",354,2012,"65","HAUTE-VIENNE",124,364,205,2984,11336,57.90157163,57.78598753,942.23533,6241.7,19190.6
"355",355,2012,"66","PYRENEES-ORIENTALES",842,23866,12163,20375,710081,57.90157163,57.78598753,942.23533,1357352.8,199210.4
"356",356,2012,"67","BAS-RHIN",56,6628,2628,183,506830,57.90157163,57.78598753,942.23533,183259.5,87153.3
"357",357,2012,"68","HAUTES-PYRENEES",24,8954,1355,116,663088,57.90157163,57.78598753,942.23533,32059.1,25393
"358",358,2012,"69","RHONE",313,17515,1758,5640,570831,57.90157163,57.78598753,942.23533,511421.2,178813.9
"359",359,2012,"70","HAUTE-SAONE",36,117,197,409,2246,57.90157163,57.78598753,942.23533,14768.5,85267.2
"360",360,2012,"71","SAONE-ET-LOIRE",111,12953,1523,1541,613693,57.90157163,57.78598753,942.23533,427529.4,250186.6
"361",361,2012,"72","SARTHE",105,252,375,799,4375,57.90157163,57.78598753,942.23533,154762.2,117613.5
"362",362,2012,"73","SAVOIE",155,1968,2380,3290,111299,57.90157163,57.78598753,942.23533,127756.6,25726.4
"363",363,2012,"74","HAUTE-SAVOIE",130,279,5653,2764,14442,57.90157163,57.78598753,942.23533,33568.9,8741.1
"364",364,2012,"75","PARIS",0,0,0,0,0,57.90157163,57.78598753,942.23533,1078.8,544.4
"365",365,2012,"76","SEINE-MARITIME",0,0,0,0,0,57.90157163,57.78598753,942.23533,160081,130796.3
"366",366,2012,"77","SEINE-ET-MARNE",0,22,0,0,1292,57.90157163,57.78598753,942.23533,32705,69914.8
"367",367,2012,"78","YVELINES",0,0,0,0,0,57.90157163,57.78598753,942.23533,48429.3,46923.1
"368",368,2012,"79","DEUX-SEVRES",290,1021,689,7262,45444,57.90157163,57.78598753,942.23533,622248,219353
"369",369,2012,"80","SOMME",0,0,0,0,0,57.90157163,57.78598753,942.23533,346074.9,281729.4
"370",370,2012,"81","TARN",1125,6664,26786,52300,417492,57.90157163,57.78598753,942.23533,221535.9,116943.8
"371",371,2012,"82","TARN-ET-GARONNE",458,1631,495,17858,87579,57.90157163,57.78598753,942.23533,444399.4,123993.1
"372",372,2012,"83","VAUCLUSE",466,28161,1382,20072,1268604,57.90157163,57.78598753,942.23533,2388920.3,429266.4
"373",373,2012,"84","VENDEE",1693,46890,20226,50375,1955689,57.90157163,57.78598753,942.23533,68246.1,121590
"374",374,2012,"85","VAR",692,1457,2539,18389,45866,57.90157163,57.78598753,942.23533,981030,145844.9
"375",375,2012,"86","VIENNE",587,1614,1293,9619,58962,57.90157163,57.78598753,942.23533,74862.2,204967.9
"376",376,2012,"87","HAUTES-ALPES",2,7,0,22,280,57.90157163,57.78598753,942.23533,32691.7,10990.4
"377",377,2012,"88","VOSGES",81,81,18,405,423,57.90157163,57.78598753,942.23533,4726.2,25378
"378",378,2012,"89","YONNE",61,7150,472,1238,381125,57.90157163,57.78598753,942.23533,300285.1,252618.6
"379",379,2012,"90","TERRITOIRE DE BELFORT",1,1,3,0,9,57.90157163,57.78598753,942.23533,942.9,1250.9
"380",380,2012,"91","ESSONNE",0,0,0,0,0,57.90157163,57.78598753,942.23533,12610.3,19928.4
"381",381,2012,"92","HAUTS-DE-SEINE",0,0,0,0,0,57.90157163,57.78598753,942.23533,1537.9,486.9
"382",382,2012,"93","SEINE-SAINT-DENIS",0,0,0,0,0,57.90157163,57.78598753,942.23533,3080.3,1239.8
"383",383,2012,"94","VAL-D'OISE",0,0,0,0,0,57.90157163,57.78598753,942.23533,14911.3,33154.4
"384",384,2012,"95","VAL-DE-MARNE",0,0,0,0,0,57.90157163,57.78598753,942.23533,4228.2,1006.7
"385",385,2013,"01","AIN",242,803,3857,8692,38559,73.9380974,64.65650726,917.7323532,442356.9,247136.8
"386",386,2013,"02","AISNE",7,2474,423,17,219627,73.9380974,64.65650726,917.7323532,619491.9,344195.2
"387",387,2013,"03","ALLIER",125,685,436,2094,20032,73.9380974,64.65650726,917.7323532,40736.6,95977.1
"388",388,2013,"04","ALPES-DE-HAUTE-PROVENCE",106,711,424,4353,36266,73.9380974,64.65650726,917.7323532,99854,47148.3
"389",389,2013,"05","HAUTE-MARNE",41,144,62,340,5455,73.9380974,64.65650726,917.7323532,3354.7,102303.9
"390",390,2013,"06","ALPES-MARITIMES",44,125,14,223,1879,73.9380974,64.65650726,917.7323532,22418.1,10272.9
"391",391,2013,"07","ARDECHE",617,10405,12905,10617,517896,73.9380974,64.65650726,917.7323532,168072.3,35493.8
"392",392,2013,"08","ARDENNES",1,1,12,6,18,73.9380974,64.65650726,917.7323532,27558.8,59141.1
"393",393,2013,"09","ARIEGE",139,161,78,476,1251,73.9380974,64.65650726,917.7323532,7055.5,26116.7
"394",394,2013,"10","AUBE",23,7088,272,617,554229,73.9380974,64.65650726,917.7323532,836981.2,636220.3
"395",395,2013,"11","AUDE",5277,65614,73258,302029,3892421,73.9380974,64.65650726,917.7323532,1641172.5,795361.2
"396",396,2013,"12","AVEYRON",240,556,153,3741,13423,73.9380974,64.65650726,917.7323532,53085.6,73447
"397",397,2013,"13","BOUCHES-DU-RHONE",252,10001,4366,6140,507832,73.9380974,64.65650726,917.7323532,414238.1,116059.6
"398",398,2013,"14","CALVADOS",1,6,1,0,168,73.9380974,64.65650726,917.7323532,21787.3,44202
"399",399,2013,"15","CANTAL",3,11,0,55,219,73.9380974,64.65650726,917.7323532,1925.5,17221
"400",400,2013,"16","CHARENTE",840,39058,6217,22262,3907256,73.9380974,64.65650726,917.7323532,1931370.1,630428.9
"401",401,2013,"17","CHARENTE-MARITIME",1232,38705,22809,24177,3979850,73.9380974,64.65650726,917.7323532,1050762.7,515985.2
"402",402,2013,"18","CHER",105,4114,527,1834,229513,73.9380974,64.65650726,917.7323532,367307.8,93038.4
"403",403,2013,"19","CORREZE",117,179,35,1545,3530,73.9380974,64.65650726,917.7323532,96633.8,21743.2
"404",404,2013,"21","COTE-D'OR",77,9407,366,879,356391,73.9380974,64.65650726,917.7323532,637075.6,433448.5
"405",405,2013,"22","COTES-D'ARMOR",0,0,0,0,0,73.9380974,64.65650726,917.7323532,59092.9,42233.9
"406",406,2013,"23","CREUSE",0,0,0,0,0,73.9380974,64.65650726,917.7323532,2565.8,39166.8
"407",407,2013,"24","DORDOGNE",735,11899,4552,9717,389812,73.9380974,64.65650726,917.7323532,344731,126351.8
"408",408,2013,"25","DOUBS",19,36,191,224,768,73.9380974,64.65650726,917.7323532,6072.1,53161.2
"409",409,2013,"26","DROME",480,16263,503,4715,627229,73.9380974,64.65650726,917.7323532,783787.4,157868.1
"410",410,2013,"27","EURE",0,0,0,0,0,73.9380974,64.65650726,917.7323532,66908.9,222267.7
"411",411,2013,"28","EURE-ET-LOIR",1,1,0,9,9,73.9380974,64.65650726,917.7323532,87425.5,170272.6
"412",412,2013,"29","FINISTERE",0,0,0,0,0,73.9380974,64.65650726,917.7323532,186743.7,257343.9
"413",413,2013,"2A","CORSE-DU-SUD",89,845,350,3397,34585,73.9380974,64.65650726,917.7323532,44811.6,15472.2
"414",414,2013,"2B","HAUT-RHIN",279,4978,10117,9634,347660,73.9380974,64.65650726,917.7323532,398450.4,219758.6
"415",415,2013,"30","GARD",2886,53011,27147,182591,3197642,73.9380974,64.65650726,917.7323532,2191564.1,462626
"416",416,2013,"31","HAUTE-CORSE",180,1596,194,3637,56950,73.9380974,64.65650726,917.7323532,198535.7,65340.8
"417",417,2013,"32","GERS",1881,18278,124568,17902,1283269,73.9380974,64.65650726,917.7323532,1251186.3,326078.9
"418",418,2013,"33","GIRONDE",1585,115416,8884,36135,3964661,73.9380974,64.65650726,917.7323532,4996688.4,1536180.8
"419",419,2013,"34","HERAULT",8400,80918,148947,679217,5716091,73.9380974,64.65650726,917.7323532,2213466.9,817616.9
"420",420,2013,"35","ILLE-ET-VILAINE",0,0,0,0,0,73.9380974,64.65650726,917.7323532,16775.8,58152.8
"421",421,2013,"36","INDRE",188,557,1470,4877,27399,73.9380974,64.65650726,917.7323532,80474.2,299838.2
"422",422,2013,"37","INDRE-ET-LOIRE",627,9937,10699,18920,418541,73.9380974,64.65650726,917.7323532,517324.8,437901.7
"423",423,2013,"38","ISERE",309,610,1414,3909,15905,73.9380974,64.65650726,917.7323532,157289.3,46394.3
"424",424,2013,"39","JURA",168,2105,1907,1580,58288,73.9380974,64.65650726,917.7323532,88338.4,58237.6
"425",425,2013,"40","LANDES",238,1671,6394,2415,90718,73.9380974,64.65650726,917.7323532,178693.8,152478.6
"426",426,2013,"41","LOIRET",743,6552,11237,22300,345089,73.9380974,64.65650726,917.7323532,87337.8,89540.7
"427",427,2013,"42","LOIR-ET-CHER",169,924,1098,3414,28306,73.9380974,64.65650726,917.7323532,523674.8,160757.1
"428",428,2013,"43","HAUTE-GARONNE",37,37,29,486,515,73.9380974,64.65650726,917.7323532,92119.7,113524.5
"429",429,2013,"44","LOIRE",1319,11967,40556,44821,642999,73.9380974,64.65650726,917.7323532,55465.3,32277.1
"430",430,2013,"45","LOIRE-ATLANTIQUE",23,203,109,602,5771,73.9380974,64.65650726,917.7323532,576023.7,272352.4
"431",431,2013,"46","LOT",611,5055,130,12051,146451,73.9380974,64.65650726,917.7323532,245181.4,75099.1
"432",432,2013,"47","LOT-ET-GARONNE",612,6241,6287,14099,279431,73.9380974,64.65650726,917.7323532,1157820.2,317626.8
"433",433,2013,"48","LOZERE",2,11,21,221,461,73.9380974,64.65650726,917.7323532,1017,6336.5
"434",434,2013,"49","MAINE-ET-LOIRE",1050,19540,21356,28128,994432,73.9380974,64.65650726,917.7323532,781541.9,329184.5
"435",435,2013,"50","MANCHE",0,0,0,0,0,73.9380974,64.65650726,917.7323532,82675.2,90421.5
"436",436,2013,"51","MARNE",5,23945,75,60,2043341,73.9380974,64.65650726,917.7323532,1918995.6,980459.5
"437",437,2013,"52","HAUTE-LOIRE",37,105,603,664,5798,73.9380974,64.65650726,917.7323532,2022.2,30942.2
"438",438,2013,"53","MAYENNE",2,2,49,32,81,73.9380974,64.65650726,917.7323532,12166.3,88857.6
"439",439,2013,"54","MEURTHE-ET-MOSELLE",207,274,462,1050,3901,73.9380974,64.65650726,917.7323532,17936.7,108543.8
"440",440,2013,"55","MEUSE",17,48,309,78,1903,73.9380974,64.65650726,917.7323532,19088.7,166383.3
"441",441,2013,"56","MORBIHAN",0,0,0,0,0,73.9380974,64.65650726,917.7323532,85660.1,76528.1
"442",442,2013,"57","MOSELLE",39,70,648,870,2690,73.9380974,64.65650726,917.7323532,14887.1,150503.6
"443",443,2013,"58","NIEVRE",53,1666,398,1046,81397,73.9380974,64.65650726,917.7323532,6384.4,8170.8
"444",444,2013,"59","NORD",1,1,15,20,35,73.9380974,64.65650726,917.7323532,273160.8,109635.1
"445",445,2013,"60","OISE",1,1,3,1,4,73.9380974,64.65650726,917.7323532,70268.5,273125.5
"446",446,2013,"61","ORNE",1,1,0,5,5,73.9380974,64.65650726,917.7323532,73575.1,88588
"447",447,2013,"62","PAS-DE-CALAIS",0,0,0,0,0,73.9380974,64.65650726,917.7323532,436160,292845.3
"448",448,2013,"63","PUY-DE-DOME",290,635,208,4710,16934,73.9380974,64.65650726,917.7323532,29022.1,54767.5
"449",449,2013,"64","PYRENEES-ATLANTIQUES",283,2649,410,1920,78026,73.9380974,64.65650726,917.7323532,241973.2,139381.5
"450",450,2013,"65","HAUTE-VIENNE",107,341,128,1909,11529,73.9380974,64.65650726,917.7323532,6792.6,22488.1
"451",451,2013,"66","PYRENEES-ORIENTALES",761,23496,16965,25764,773826,73.9380974,64.65650726,917.7323532,585128.1,136080
"452",452,2013,"67","BAS-RHIN",48,6642,2161,181,441286,73.9380974,64.65650726,917.7323532,169580.1,80963.9
"453",453,2013,"68","HAUTES-PYRENEES",22,8965,837,104,553451,73.9380974,64.65650726,917.7323532,45684.5,29196.1
"454",454,2013,"69","RHONE",274,17075,1605,8083,761962,73.9380974,64.65650726,917.7323532,529403.6,132184.1
"455",455,2013,"70","HAUTE-SAONE",57,118,392,814,2821,73.9380974,64.65650726,917.7323532,18409.6,77147.6
"456",456,2013,"71","SAONE-ET-LOIRE",133,13181,1619,1672,642862,73.9380974,64.65650726,917.7323532,502879.6,195251.7
"457",457,2013,"72","SARTHE",80,225,778,1173,7798,73.9380974,64.65650726,917.7323532,127973.7,129946.4
"458",458,2013,"73","SAVOIE",111,1901,1777,3210,101940,73.9380974,64.65650726,917.7323532,122257.3,24291.7
"459",459,2013,"74","HAUTE-SAVOIE",119,268,5251,1826,12843,73.9380974,64.65650726,917.7323532,45238,14548.8
"460",460,2013,"75","PARIS",0,0,0,0,0,73.9380974,64.65650726,917.7323532,684.1,167
"461",461,2013,"76","SEINE-MARITIME",0,0,0,0,0,73.9380974,64.65650726,917.7323532,139130.5,164796.3
"462",462,2013,"77","SEINE-ET-MARNE",0,22,0,0,1901,73.9380974,64.65650726,917.7323532,28097.1,70471.1
"463",463,2013,"78","YVELINES",0,0,0,0,0,73.9380974,64.65650726,917.7323532,36106.3,70574
"464",464,2013,"79","DEUX-SEVRES",375,1045,1683,6548,47591,73.9380974,64.65650726,917.7323532,969496.6,370387.2
"465",465,2013,"80","SOMME",0,0,0,0,0,73.9380974,64.65650726,917.7323532,355337.6,286672.1
"466",466,2013,"81","TARN",1218,6876,16486,28706,309638,73.9380974,64.65650726,917.7323532,209069.3,130368.7
"467",467,2013,"82","TARN-ET-GARONNE",423,1555,437,13965,61430,73.9380974,64.65650726,917.7323532,456517.9,158281.9
"468",468,2013,"83","VAUCLUSE",459,28088,3282,20040,1358425,73.9380974,64.65650726,917.7323532,2544806.6,611302.3
"469",469,2013,"84","VENDEE",1878,46924,19171,36798,1663943,73.9380974,64.65650726,917.7323532,64239.6,138044.8
"470",470,2013,"85","VAR",661,1400,3287,19454,61667,73.9380974,64.65650726,917.7323532,1053741.2,227139.4
"471",471,2013,"86","VIENNE",608,1513,6648,9927,69273,73.9380974,64.65650726,917.7323532,75756.6,338964
"472",472,2013,"87","HAUTES-ALPES",1,7,0,14,313,73.9380974,64.65650726,917.7323532,75874.5,19127.7
"473",473,2013,"88","VOSGES",27,27,18,659,677,73.9380974,64.65650726,917.7323532,5086.5,28388.3
"474",474,2013,"89","YONNE",73,7283,373,1267,294480,73.9380974,64.65650726,917.7323532,365374.7,247778.3
"475",475,2013,"90","TERRITOIRE DE BELFORT",0,1,0,0,5,73.9380974,64.65650726,917.7323532,868.9,832.8
"476",476,2013,"91","ESSONNE",0,0,0,0,0,73.9380974,64.65650726,917.7323532,10624,19934.8
"477",477,2013,"92","HAUTS-DE-SEINE",0,0,0,0,0,73.9380974,64.65650726,917.7323532,1482.6,879.6
"478",478,2013,"93","SEINE-SAINT-DENIS",0,0,0,0,0,73.9380974,64.65650726,917.7323532,3746.4,1198.4
"479",479,2013,"94","VAL-D'OISE",0,0,0,0,0,73.9380974,64.65650726,917.7323532,11262.3,40194.7
"480",480,2013,"95","VAL-DE-MARNE",0,0,0,0,0,73.9380974,64.65650726,917.7323532,3749.6,1047.2
"481",481,2014,"01","AIN",216,771,3427,9200,42031,82.30811577,70.88129316,929.0361325,187202.7,116059.9
"482",482,2014,"02","AISNE",7,2499,388,15,214779,82.30811577,70.88129316,929.0361325,713416.7,324161.9
"483",483,2014,"03","ALLIER",100,643,641,2771,27420,82.30811577,70.88129316,929.0361325,56054.3,91592.9
"484",484,2014,"04","ALPES-DE-HAUTE-PROVENCE",87,688,469,6886,46905,82.30811577,70.88129316,929.0361325,85243.3,63319.7
"485",485,2014,"05","HAUTE-MARNE",31,130,48,346,4960,82.30811577,70.88129316,929.0361325,4629.2,110453.6
"486",486,2014,"06","ALPES-MARITIMES",11,85,24,318,2786,82.30811577,70.88129316,929.0361325,27965.6,10597.4
"487",487,2014,"07","ARDECHE",755,10564,13946,21653,622520,82.30811577,70.88129316,929.0361325,162611.1,43799.9
"488",488,2014,"08","ARDENNES",1,1,20,5,24,82.30811577,70.88129316,929.0361325,40154.2,77526.7
"489",489,2014,"09","ARIEGE",50,103,3,278,2305,82.30811577,70.88129316,929.0361325,10746.6,39496.1
"490",490,2014,"10","AUBE",25,7187,358,663,648124,82.30811577,70.88129316,929.0361325,909456.2,679812.5
"491",491,2014,"11","AUDE",4360,64774,42409,233365,3621870,82.30811577,70.88129316,929.0361325,1533689.8,777937.3
"492",492,2014,"12","AVEYRON",293,616,152,3971,17890,82.30811577,70.88129316,929.0361325,61043.5,108056.2
"493",493,2014,"13","BOUCHES-DU-RHONE",331,10043,7865,20541,676055,82.30811577,70.88129316,929.0361325,483909.6,128990.1
"494",494,2014,"14","CALVADOS",1,6,1,0,210,82.30811577,70.88129316,929.0361325,32041.8,58137.8
"495",495,2014,"15","CANTAL",2,10,5,42,280,82.30811577,70.88129316,929.0361325,2616.4,23892.4
"496",496,2014,"16","CHARENTE",801,39208,8925,25672,4307967,82.30811577,70.88129316,929.0361325,2973584.3,988847.1
"497",497,2014,"17","CHARENTE-MARITIME",1072,38742,34138,37626,4298342,82.30811577,70.88129316,929.0361325,1613286,629125.3
"498",498,2014,"18","CHER",98,4139,570,1566,251222,82.30811577,70.88129316,929.0361325,562565.2,424026.2
"499",499,2014,"19","CORREZE",111,179,28,2021,4625,82.30811577,70.88129316,929.0361325,105696.2,30909.1
"500",500,2014,"21","COTE-D'OR",75,9530,935,1429,420727,82.30811577,70.88129316,929.0361325,506113.5,490561.4
"501",501,2014,"24","DORDOGNE",692,11722,4672,15954,524459,82.30811577,70.88129316,929.0361325,519871.7,227134.7
"502",502,2014,"25","DOUBS",18,27,324,321,897,82.30811577,70.88129316,929.0361325,5907.3,53021.3
"503",503,2014,"26","DROME",309,16130,852,15228,854204,82.30811577,70.88129316,929.0361325,676610.4,182646.4
"504",504,2014,"28","EURE-ET-LOIR",1,1,0,6,6,82.30811577,70.88129316,929.0361325,170791.9,234860.6
"505",505,2014,"2A","CORSE-DU-SUD",76,842,310,3367,34489,82.30811577,70.88129316,929.0361325,57793.5,6976.9
"506",506,2014,"2B","HAUT-RHIN",290,5103,4814,6946,328857,82.30811577,70.88129316,929.0361325,449443.5,282548.2
"507",507,2014,"30","GARD",3299,52804,35823,281681,3531719,82.30811577,70.88129316,929.0361325,2539214.4,566917.7
"508",508,2014,"31","HAUTE-CORSE",156,1551,286,5216,84052,82.30811577,70.88129316,929.0361325,252133.7,100411.6
"509",509,2014,"32","GERS",3245,18420,256848,34824,1558565,82.30811577,70.88129316,929.0361325,1604813.1,391231.6
"510",510,2014,"33","GIRONDE",2024,114724,11818,133007,5642353,82.30811577,70.88129316,929.0361325,5690871,1760148.3
"511",511,2014,"34","HERAULT",6205,81033,67957,367227,4727618,82.30811577,70.88129316,929.0361325,1854982.7,711870.5
"512",512,2014,"36","INDRE",176,564,1641,4231,26601,82.30811577,70.88129316,929.0361325,19983,150252.1
"513",513,2014,"37","INDRE-ET-LOIRE",577,9862,10364,18675,463793,82.30811577,70.88129316,929.0361325,456380,310995.7
"514",514,2014,"38","ISERE",273,495,2070,4763,17658,82.30811577,70.88129316,929.0361325,180355.2,48701.1
"515",515,2014,"39","JURA",156,2210,2421,1979,75601,82.30811577,70.88129316,929.0361325,101813,65973.5
"516",516,2014,"40","LANDES",181,1633,9143,1943,109235,82.30811577,70.88129316,929.0361325,188061.5,196801.8
"517",517,2014,"41","LOIRET",733,6489,10355,19465,333597,82.30811577,70.88129316,929.0361325,111816.5,104232.8
"518",518,2014,"42","LOIR-ET-CHER",218,1192,1866,4724,38569,82.30811577,70.88129316,929.0361325,799731.6,225449.2
"519",519,2014,"43","HAUTE-GARONNE",35,35,44,508,552,82.30811577,70.88129316,929.0361325,89701.4,97107.9
"520",520,2014,"44","LOIRE",1657,11788,62591,47916,640470,82.30811577,70.88129316,929.0361325,70523.2,34889.5
"521",521,2014,"45","LOIRE-ATLANTIQUE",18,187,96,472,6399,82.30811577,70.88129316,929.0361325,730306.7,373566.8
"522",522,2014,"46","LOT",686,4993,370,47657,311201,82.30811577,70.88129316,929.0361325,291922.7,100087.5
"523",523,2014,"47","LOT-ET-GARONNE",638,6040,12098,23023,358806,82.30811577,70.88129316,929.0361325,1329992.2,328791.2
"524",524,2014,"48","LOZERE",2,13,0,39,333,82.30811577,70.88129316,929.0361325,1155.7,9602.1
"525",525,2014,"49","MAINE-ET-LOIRE",1063,19378,22658,30297,1049359,82.30811577,70.88129316,929.0361325,1012842.2,484570.3
"526",526,2014,"51","MARNE",3,23958,75,53,2232004,82.30811577,70.88129316,929.0361325,1848307,1074791.9
"527",527,2014,"52","HAUTE-LOIRE",35,108,699,616,6853,82.30811577,70.88129316,929.0361325,2894.5,38436
"528",528,2014,"53","MAYENNE",2,2,47,29,76,82.30811577,70.88129316,929.0361325,12460.5,100649.3
"529",529,2014,"54","MEURTHE-ET-MOSELLE",51,196,514,867,5399,82.30811577,70.88129316,929.0361325,24209.4,113219.6
"530",530,2014,"55","MEUSE",9,42,366,110,2441,82.30811577,70.88129316,929.0361325,20517.6,184505.9
"531",531,2014,"57","MOSELLE",96,189,1410,591,4415,82.30811577,70.88129316,929.0361325,15760.9,164521.5
"532",532,2014,"58","NIEVRE",41,1543,494,1063,91087,82.30811577,70.88129316,929.0361325,8018.6,6313.8
"533",533,2014,"59","NORD",1,1,23,14,37,82.30811577,70.88129316,929.0361325,798562.7,117025.3
"534",534,2014,"60","OISE",1,1,2,0,2,82.30811577,70.88129316,929.0361325,116361.8,312380.6
"535",535,2014,"63","PUY-DE-DOME",312,797,331,4731,17948,82.30811577,70.88129316,929.0361325,39809.4,79565.5
"536",536,2014,"64","PYRENEES-ATLANTIQUES",247,2588,749,2477,92427,82.30811577,70.88129316,929.0361325,328142.3,162762.7
"537",537,2014,"65","HAUTE-VIENNE",116,306,172,1786,10313,82.30811577,70.88129316,929.0361325,10151.1,60000.8
"538",538,2014,"66","PYRENEES-ORIENTALES",1385,23640,24024,24310,826570,82.30811577,70.88129316,929.0361325,415912.3,161701.9
"539",539,2014,"67","BAS-RHIN",69,6662,2227,129,455951,82.30811577,70.88129316,929.0361325,163799.2,92405.6
"540",540,2014,"68","HAUTES-PYRENEES",25,8978,1093,68,583113,82.30811577,70.88129316,929.0361325,40759.5,40498
"541",541,2014,"69","RHONE",297,16829,2077,10916,849496,82.30811577,70.88129316,929.0361325,720594.9,219592.6
"542",542,2014,"70","HAUTE-SAONE",54,119,589,765,3733,82.30811577,70.88129316,929.0361325,17668.3,83923.3
"543",543,2014,"71","SAONE-ET-LOIRE",95,12923,2523,1711,774843,82.30811577,70.88129316,929.0361325,392847,286732.8
"544",544,2014,"72","SARTHE",50,182,520,826,5844,82.30811577,70.88129316,929.0361325,101070.7,125646.7
"545",545,2014,"73","SAVOIE",127,1898,2656,2650,106863,82.30811577,70.88129316,929.0361325,138471.4,27900.4
"546",546,2014,"74","HAUTE-SAVOIE",91,249,3606,2080,12705,82.30811577,70.88129316,929.0361325,48691.8,19470.2
"547",547,2014,"77","SEINE-ET-MARNE",0,22,0,0,1829,82.30811577,70.88129316,929.0361325,29067.6,80953.6
"548",548,2014,"79","DEUX-SEVRES",226,918,720,6371,51255,82.30811577,70.88129316,929.0361325,975592,396023.7
"549",549,2014,"81","TARN",1010,6576,29502,36867,397101,82.30811577,70.88129316,929.0361325,240873.8,126322.1
"550",550,2014,"82","TARN-ET-GARONNE",485,1661,316,15593,85080,82.30811577,70.88129316,929.0361325,601248.1,130538.1
"551",551,2014,"83","VAUCLUSE",457,27828,2856,24360,1568625,82.30811577,70.88129316,929.0361325,3040732.9,684423.4
"552",552,2014,"84","VENDEE",1792,46584,21169,100206,2403997,82.30811577,70.88129316,929.0361325,71561,178143.3
"553",553,2014,"85","VAR",631,1336,3583,17941,56744,82.30811577,70.88129316,929.0361325,1235467.6,280022.5
"554",554,2014,"86","VIENNE",493,1438,1846,11479,68505,82.30811577,70.88129316,929.0361325,67395.1,306369.4
"555",555,2014,"87","HAUTES-ALPES",1,7,2,16,363,82.30811577,70.88129316,929.0361325,74892.7,17110.6
"556",556,2014,"88","VOSGES",31,31,12,427,439,82.30811577,70.88129316,929.0361325,7687.9,27217.4
"557",557,2014,"89","YONNE",63,7430,576,1756,447947,82.30811577,70.88129316,929.0361325,407613.6,255519
"558",558,2014,"90","TERRITOIRE DE BELFORT",0,1,0,0,8,82.30811577,70.88129316,929.0361325,989.9,1251.4
"559",559,2015,"01","AIN",189,758,2977,7520,39233,88.00826923,76.37153846,935.9,120796.6,117915.2
"560",560,2015,"02","AISNE",5,2441,349,8,179477,88.00826923,76.37153846,935.9,222442.3,301479.1
"561",561,2015,"03","ALLIER",86,647,548,2233,27103,88.00826923,76.37153846,935.9,41618.2,100350.8
"562",562,2015,"04","ALPES-DE-HAUTE-PROVENCE",72,674,213,4593,41733,88.00826923,76.37153846,935.9,99311.2,60223.3
"563",563,2015,"05","HAUTE-MARNE",15,116,88,233,4456,88.00826923,76.37153846,935.9,5109.8,111370.1
"564",564,2015,"06","ALPES-MARITIMES",6,86,7,84,2245,88.00826923,76.37153846,935.9,25700.2,8652.9
"565",565,2015,"07","ARDECHE",640,10321,8601,11671,520944,88.00826923,76.37153846,935.9,137513.2,39178.2
"566",566,2015,"08","ARDENNES",0,0,3,2,5,88.00826923,76.37153846,935.9,25017.2,81692.7
"567",567,2015,"09","ARIEGE",15,67,16,412,2544,88.00826923,76.37153846,935.9,15958.2,56231.3
"568",568,2015,"10","AUBE",16,6968,204,393,514671,88.00826923,76.37153846,935.9,550581.8,671028.8
"569",569,2015,"11","AUDE",3694,67810,63675,244488,3884761,88.00826923,76.37153846,935.9,1337755.5,559378.8
"570",570,2015,"12","AVEYRON",83,404,97,1414,14223,88.00826923,76.37153846,935.9,85149.7,91583
"571",571,2015,"13","BOUCHES-DU-RHONE",275,10151,10380,9870,622859,88.00826923,76.37153846,935.9,450059.5,128121.4
"572",572,2015,"14","CALVADOS",0,5,1,0,183,88.00826923,76.37153846,935.9,26357.4,64737.5
"573",573,2015,"15","CANTAL",1,8,5,23,212,88.00826923,76.37153846,935.9,1546.4,16383.5
"574",574,2015,"16","CHARENTE",732,39145,24861,24830,4789078,88.00826923,76.37153846,935.9,1450374.1,700100.5
"575",575,2015,"17","CHARENTE-MARITIME",1122,38783,74960,42249,4862613,88.00826923,76.37153846,935.9,848488.3,594107
"576",576,2015,"18","CHER",102,4191,286,1239,235015,88.00826923,76.37153846,935.9,303384.5,366083.5
"577",577,2015,"19","CORREZE",65,139,13,1352,3335,88.00826923,76.37153846,935.9,73851.7,30207
"578",578,2015,"21","COTE-D'OR",85,9528,1029,2332,392048,88.00826923,76.37153846,935.9,372176.9,390729.5
"579",579,2015,"24","DORDOGNE",582,11476,5145,16415,518646,88.00826923,76.37153846,935.9,370695,219080.2
"580",580,2015,"25","DOUBS",14,22,209,194,652,88.00826923,76.37153846,935.9,5031.6,56904.1
"581",581,2015,"26","DROME",270,15995,987,8474,773637,88.00826923,76.37153846,935.9,641689.7,174877.6
"582",582,2015,"28","EURE-ET-LOIR",0,0,0,7,7,88.00826923,76.37153846,935.9,67756.3,231779.4
"583",583,2015,"2A","CORSE-DU-SUD",93,887,329,2885,35004,88.00826923,76.37153846,935.9,42429.7,11045.5
"584",584,2015,"2B","HAUT-RHIN",248,4908,6443,10782,353266,88.00826923,76.37153846,935.9,516675.5,314425.4
"585",585,2015,"30","GARD",2802,52498,42637,222984,3369402,88.00826923,76.37153846,935.9,2257185.5,655676.1
"586",586,2015,"31","HAUTE-CORSE",190,1547,284,3818,78172,88.00826923,76.37153846,935.9,193008.3,102186.8
"587",587,2015,"32","GERS",2837,17711,358423,28556,1729100,88.00826923,76.37153846,935.9,527550.2,358218.3
"588",588,2015,"33","GIRONDE",1923,113645,11498,115409,5672267,88.00826923,76.37153846,935.9,3936737.5,1765786
"589",589,2015,"34","HERAULT",6171,81124,119405,426007,5552878,88.00826923,76.37153846,935.9,2076146.1,873184.2
"590",590,2015,"36","INDRE",171,557,1105,3226,22852,88.00826923,76.37153846,935.9,75957.1,232880.3
"591",591,2015,"37","INDRE-ET-LOIRE",581,9726,9793,17683,466382,88.00826923,76.37153846,935.9,300138.2,206309.5
"592",592,2015,"38","ISERE",463,690,1820,5275,19220,88.00826923,76.37153846,935.9,182319.4,50129
"593",593,2015,"39","JURA",164,2149,3005,3062,80253,88.00826923,76.37153846,935.9,38663.9,37869.5
"594",594,2015,"40","LANDES",209,1503,24007,3721,129449,88.00826923,76.37153846,935.9,128263.4,156692.1
"595",595,2015,"41","LOIRET",666,6454,10041,9143,299308,88.00826923,76.37153846,935.9,49933.9,125066.6
"596",596,2015,"42","LOIR-ET-CHER",132,940,1456,2976,35100,88.00826923,76.37153846,935.9,593748.3,197179.3
"597",597,2015,"43","HAUTE-GARONNE",41,41,18,551,569,88.00826923,76.37153846,935.9,124661.4,185633.2
"598",598,2015,"44","LOIRE",1890,11650,92146,52187,704726,88.00826923,76.37153846,935.9,52248.7,32603.5
"599",599,2015,"45","LOIRE-ATLANTIQUE",261,432,114,290,5776,88.00826923,76.37153846,935.9,668539.4,371033.4
"600",600,2015,"46","LOT",499,4902,310,27942,281515,88.00826923,76.37153846,935.9,215089.3,85027.1
"601",601,2015,"47","LOT-ET-GARONNE",629,5792,20381,22549,354391,88.00826923,76.37153846,935.9,723889.1,339376.9
"602",602,2015,"48","LOZERE",1,12,0,24,242,88.00826923,76.37153846,935.9,1628.2,7075.6
"603",603,2015,"49","MAINE-ET-LOIRE",1135,19340,24084,30185,1073591,88.00826923,76.37153846,935.9,698851.8,402954.9
"604",604,2015,"51","MARNE",5,23183,150,41,1806125,88.00826923,76.37153846,935.9,1779158,1114055.5
"605",605,2015,"52","HAUTE-LOIRE",51,133,360,361,6326,88.00826923,76.37153846,935.9,2384.9,32773.7
"606",606,2015,"53","MAYENNE",2,2,45,23,568,88.00826923,76.37153846,935.9,12602.2,94828.8
"607",607,2015,"54","MEURTHE-ET-MOSELLE",63,141,712,877,5053,88.00826923,76.37153846,935.9,17594.5,88408.2
"608",608,2015,"55","MEUSE",8,41,284,91,1712,88.00826923,76.37153846,935.9,14400.9,196992
"609",609,2015,"57","MOSELLE",57,95,2302,704,4777,88.00826923,76.37153846,935.9,13494.1,148483
"610",610,2015,"58","NIEVRE",72,1585,431,766,86856,88.00826923,76.37153846,935.9,5696.3,18559.7
"611",611,2015,"59","NORD",1,1,22,22,44,88.00826923,76.37153846,935.9,110750.9,92912
"612",612,2015,"60","OISE",0,0,16,1,17,88.00826923,76.37153846,935.9,53819.7,326396.3
"613",613,2015,"62","PAS-DE-CALAIS",0,0,4,0,4,88.00826923,76.37153846,935.9,172205,262383.9
"614",614,2015,"63","PUY-DE-DOME",128,465,408,4522,18540,88.00826923,76.37153846,935.9,32769.8,79062.7
"615",615,2015,"64","PYRENEES-ATLANTIQUES",106,2427,675,3270,100680,88.00826923,76.37153846,935.9,156044.4,132149
"616",616,2015,"65","HAUTE-VIENNE",256,468,82,1117,11278,88.00826923,76.37153846,935.9,8612.3,24995.4
"617",617,2015,"66","PYRENEES-ORIENTALES",771,22533,17684,21943,842710,88.00826923,76.37153846,935.9,598263,200751.9
"618",618,2015,"67","BAS-RHIN",33,6637,750,57,446908,88.00826923,76.37153846,935.9,180442.7,84266.2
"619",619,2015,"68","HAUTES-PYRENEES",17,8942,766,339,559928,88.00826923,76.37153846,935.9,35120.9,29448.3
"620",620,2015,"69","RHONE",242,16669,2205,6596,705175,88.00826923,76.37153846,935.9,524193.4,177717.4
"621",621,2015,"70","HAUTE-SAONE",36,105,354,575,3439,88.00826923,76.37153846,935.9,95831.8,99262.3
"622",622,2015,"71","SAONE-ET-LOIRE",92,12951,1973,1476,727180,88.00826923,76.37153846,935.9,425863.1,353521.3
"623",623,2015,"72","SARTHE",57,205,729,1303,6871,88.00826923,76.37153846,935.9,74274.9,114248.8
"624",624,2015,"73","SAVOIE",105,1860,3824,2147,111007,88.00826923,76.37153846,935.9,117354.3,30466.9
"625",625,2015,"74","HAUTE-SAVOIE",90,248,3725,2183,11503,88.00826923,76.37153846,935.9,42685.3,17794.9
"626",626,2015,"77","SEINE-ET-MARNE",0,22,0,0,1716,88.00826923,76.37153846,935.9,22428.4,68786.4
"627",627,2015,"79","DEUX-SEVRES",251,946,972,6428,52892,88.00826923,76.37153846,935.9,859495.6,401954
"628",628,2015,"81","TARN",972,6460,24733,31407,354823,88.00826923,76.37153846,935.9,195894,116082.3
"629",629,2015,"82","TARN-ET-GARONNE",359,1606,227,11166,86067,88.00826923,76.37153846,935.9,622426.5,360873.8
"630",630,2015,"83","VAUCLUSE",350,27663,2698,15664,1474641,88.00826923,76.37153846,935.9,2954456.8,692806
"631",631,2015,"84","VENDEE",1547,45877,13889,61461,2152369,88.00826923,76.37153846,935.9,65644,187183
"632",632,2015,"85","VAR",376,1084,3524,12832,55970,88.00826923,76.37153846,935.9,1004763.3,253147.6
"633",633,2015,"86","VIENNE",330,1320,1520,7025,66607,88.00826923,76.37153846,935.9,50573.4,300495.2
"634",634,2015,"87","HAUTES-ALPES",1,7,15,11,198,88.00826923,76.37153846,935.9,63099,17334.1
"635",635,2015,"88","VOSGES",21,21,173,380,553,88.00826923,76.37153846,935.9,5236.9,23113.3
"636",636,2015,"89","YONNE",49,7566,563,1075,459920,88.00826923,76.37153846,935.9,288314.2,259899.9
"637",637,2015,"90","TERRITOIRE DE BELFORT",1,1,11,0,18,88.00826923,76.37153846,935.9,1064.4,1083.7
"638",638,2016,"01","AIN",218,778,4635,9520,45435,83.28016482,74.52551851,952.8461769,143994.9,177072.5
"639",639,2016,"02","AISNE",4,2429,150,0,157345,83.28016482,74.52551851,952.8461769,411374.3,558042.5
"640",640,2016,"03","ALLIER",61,610,354,1682,25500,83.28016482,74.52551851,952.8461769,44141,225389.1
"641",641,2016,"04","ALPES-DE-HAUTE-PROVENCE",48,778,393,3271,43717,83.28016482,74.52551851,952.8461769,112627.6,93675
"642",642,2016,"05","HAUTE-MARNE",32,138,105,222,6308,83.28016482,74.52551851,952.8461769,3929.5,148903.3
"643",643,2016,"06","ALPES-MARITIMES",5,84,3,139,2593,83.28016482,74.52551851,952.8461769,25847.8,8437
"644",644,2016,"07","ARDECHE",781,10436,21765,24340,677308,83.28016482,74.52551851,952.8461769,176856.9,50252.7
"645",645,2016,"09","ARIEGE",14,64,12,221,2401,83.28016482,74.52551851,952.8461769,26066.5,49534.3
"646",646,2016,"10","AUBE",104,7091,63,107,338105,83.28016482,74.52551851,952.8461769,716445.5,1068614.8
"647",647,2016,"11","AUDE",3120,64370,44210,172821,3587812,83.28016482,74.52551851,952.8461769,1378023.2,620408.4
"648",648,2016,"12","AVEYRON",117,454,128,1716,16598,83.28016482,74.52551851,952.8461769,207517.1,132086.1
"649",649,2016,"13","BOUCHES-DU-RHONE",244,10313,6831,4343,594693,83.28016482,74.52551851,952.8461769,484165.6,165492
"650",650,2016,"14","CALVADOS",0,5,0,0,133,83.28016482,74.52551851,952.8461769,28026.7,88131.3
"651",651,2016,"15","CANTAL",1,8,2,8,180,83.28016482,74.52551851,952.8461769,1559,19584.8
"652",652,2016,"16","CHARENTE",713,39155,10811,16881,3668972,83.28016482,74.52551851,952.8461769,2010691.4,1108673.1
"653",653,2016,"17","CHARENTE-MARITIME",987,38924,53481,32449,4161166,83.28016482,74.52551851,952.8461769,1267965.4,774466.5
"654",654,2016,"18","CHER",37,4170,181,478,203169,83.28016482,74.52551851,952.8461769,370415.5,227040.8
"655",655,2016,"19","CORREZE",54,127,16,1029,3324,83.28016482,74.52551851,952.8461769,96605.2,30680.1
"656",656,2016,"21","COTE-D'OR",60,9669,362,355,273866,83.28016482,74.52551851,952.8461769,487673.5,523141.9
"657",657,2016,"24","DORDOGNE",687,11514,14815,34215,636836,83.28016482,74.52551851,952.8461769,441773.2,291999.3
"658",658,2016,"25","DOUBS",69,77,625,609,1442,83.28016482,74.52551851,952.8461769,3969.2,49959.4
"659",659,2016,"26","DROME",283,16041,2171,16290,848353,83.28016482,74.52551851,952.8461769,665728.7,239840.5
"660",660,2016,"28","EURE-ET-LOIR",0,0,0,7,7,83.28016482,74.52551851,952.8461769,64153.7,301426.1
"661",661,2016,"2A","CORSE-DU-SUD",79,875,625,2830,38552,83.28016482,74.52551851,952.8461769,36807.3,10591.1
"662",662,2016,"2B","HAUT-RHIN",256,4974,8413,13997,350185,83.28016482,74.52551851,952.8461769,669543.9,400201.1
"663",663,2016,"30","GARD",2554,52491,40354,213578,3469702,83.28016482,74.52551851,952.8461769,2757792.1,900395.8
"664",664,2016,"31","HAUTE-CORSE",168,1492,357,7977,95950,83.28016482,74.52551851,952.8461769,207134.4,124608.4
"665",665,2016,"32","GERS",3664,18172,500707,36010,1924247,83.28016482,74.52551851,952.8461769,1051562.2,503892
"666",666,2016,"33","GIRONDE",2750,114074,38169,240767,6707680,83.28016482,74.52551851,952.8461769,4639864.2,2104959.6
"667",667,2016,"34","HERAULT",4740,81059,61527,246513,4629582,83.28016482,74.52551851,952.8461769,2636227.4,1031902.5
"668",668,2016,"36","INDRE",122,536,457,2280,22815,83.28016482,74.52551851,952.8461769,74812.2,269673.5
"669",669,2016,"37","INDRE-ET-LOIRE",526,9609,7567,11543,301701,83.28016482,74.52551851,952.8461769,1032265.8,379232.1
"670",670,2016,"38","ISERE",195,417,1877,4436,18869,83.28016482,74.52551851,952.8461769,187738.3,125794.7
"671",671,2016,"39","JURA",1357,3377,3785,2503,94637,83.28016482,74.52551851,952.8461769,57893.7,43118.7
"672",672,2016,"40","LANDES",352,1637,34498,4073,141616,83.28016482,74.52551851,952.8461769,149124.2,168524.9
"673",673,2016,"41","LOIRET",644,6390,6602,11626,274811,83.28016482,74.52551851,952.8461769,70902.2,146650.7
"674",674,2016,"42","LOIR-ET-CHER",173,985,2489,4854,45794,83.28016482,74.52551851,952.8461769,161775.1,496528
"675",675,2016,"43","HAUTE-GARONNE",12,12,19,134,152,83.28016482,74.52551851,952.8461769,85667.2,95075.1
"676",676,2016,"44","LOIRE",1299,11057,21529,28855,373922,83.28016482,74.52551851,952.8461769,62181.2,39083.6
"677",677,2016,"45","LOIRE-ATLANTIQUE",16,138,32,204,2695,83.28016482,74.52551851,952.8461769,823502.5,520051.1
"678",678,2016,"46","LOT",352,4812,565,15197,238975,83.28016482,74.52551851,952.8461769,268407.2,107790.9
"679",679,2016,"47","LOT-ET-GARONNE",746,5914,32322,33060,434665,83.28016482,74.52551851,952.8461769,1024165,403069.7
"680",680,2016,"48","LOZERE",0,11,1,6,306,83.28016482,74.52551851,952.8461769,925,6296.9
"681",681,2016,"49","MAINE-ET-LOIRE",988,19292,17667,26585,994976,83.28016482,74.52551851,952.8461769,787739,552302.3
"682",682,2016,"51","MARNE",1,23424,7,12,1592719,83.28016482,74.52551851,952.8461769,2002781.1,1748150.8
"683",683,2016,"52","HAUTE-LOIRE",27,104,285,284,3372,83.28016482,74.52551851,952.8461769,1894.2,39097.1
"684",684,2016,"53","MAYENNE",1,1,45,0,45,83.28016482,74.52551851,952.8461769,11925.3,125268.5
"685",685,2016,"54","MEURTHE-ET-MOSELLE",35,110,983,795,5300,83.28016482,74.52551851,952.8461769,16545.2,126376.6
"686",686,2016,"55","MEUSE",7,39,390,13,2254,83.28016482,74.52551851,952.8461769,17502.4,215431.6
"687",687,2016,"57","MOSELLE",26,98,913,128,2549,83.28016482,74.52551851,952.8461769,12052.7,158284.6
"688",688,2016,"58","NIEVRE",29,1520,134,188,55825,83.28016482,74.52551851,952.8461769,5549.1,26773.6
"689",689,2016,"59","NORD",1,1,0,3,3,83.28016482,74.52551851,952.8461769,381298.7,184390.4
"690",690,2016,"60","OISE",0,0,9,0,9,83.28016482,74.52551851,952.8461769,82043.9,403798.5
"691",691,2016,"62","PAS-DE-CALAIS",0,0,4,0,4,83.28016482,74.52551851,952.8461769,546249.2,379558.6
"692",692,2016,"63","PUY-DE-DOME",98,439,254,2090,16432,83.28016482,74.52551851,952.8461769,23569.5,88810.9
"693",693,2016,"64","PYRENEES-ATLANTIQUES",136,2493,920,2757,116627,83.28016482,74.52551851,952.8461769,357047.9,297167.9
"694",694,2016,"65","HAUTE-VIENNE",90,462,53,593,12403,83.28016482,74.52551851,952.8461769,9126.5,35716.4
"695",695,2016,"66","PYRENEES-ORIENTALES",813,25721,5544,9030,675176,83.28016482,74.52551851,952.8461769,1044916.9,400334
"696",696,2016,"67","BAS-RHIN",19,6615,789,47,540284,83.28016482,74.52551851,952.8461769,211728.3,123605.1
"697",697,2016,"68","HAUTES-PYRENEES",32,8916,962,20,714342,83.28016482,74.52551851,952.8461769,61150.4,46860.6
"698",698,2016,"69","RHONE",303,16704,3531,19743,852145,83.28016482,74.52551851,952.8461769,663662.7,246260
"699",699,2016,"70","HAUTE-SAONE",1021,1243,274,258,2174,83.28016482,74.52551851,952.8461769,80346.8,137695.1
"700",700,2016,"71","SAONE-ET-LOIRE",77,12864,1972,1320,757308,83.28016482,74.52551851,952.8461769,570064.3,568047.8
"701",701,2016,"72","SARTHE",45,192,255,335,3604,83.28016482,74.52551851,952.8461769,86579.5,169114.4
"702",702,2016,"73","SAVOIE",122,1878,3369,2276,119297,83.28016482,74.52551851,952.8461769,147350.5,40124.1
"703",703,2016,"74","HAUTE-SAVOIE",87,242,3884,2131,14115,83.28016482,74.52551851,952.8461769,51798.5,20548.8
"704",704,2016,"77","SEINE-ET-MARNE",0,22,0,0,1437,83.28016482,74.52551851,952.8461769,24076.9,144197.4
"705",705,2016,"79","DEUX-SEVRES",102,804,748,2391,46296,83.28016482,74.52551851,952.8461769,875453.4,405218.9
"706",706,2016,"81","TARN",1045,6547,28574,66268,485724,83.28016482,74.52551851,952.8461769,238592.6,158730.1
"707",707,2016,"82","TARN-ET-GARONNE",283,1497,381,21993,107052,83.28016482,74.52551851,952.8461769,822765.7,488771
"708",708,2016,"83","VAUCLUSE",364,27934,2806,19242,1469587,83.28016482,74.52551851,952.8461769,2848520.6,816304.2
"709",709,2016,"84","VENDEE",1487,50316,9783,73690,2209301,83.28016482,74.52551851,952.8461769,77469.3,244380.4
"710",710,2016,"85","VAR",243,977,1253,5412,35601,83.28016482,74.52551851,952.8461769,1038378.9,291372
"711",711,2016,"86","VIENNE",271,1224,2858,3489,57164,83.28016482,74.52551851,952.8461769,59336.5,444727.9
"712",712,2016,"87","HAUTES-ALPES",1,7,4,4,104,83.28016482,74.52551851,952.8461769,69490.7,21339.7
"713",713,2016,"88","VOSGES",9,9,3,71,74,83.28016482,74.52551851,952.8461769,5033.6,32461
"714",714,2016,"89","YONNE",24,7514,170,316,206712,83.28016482,74.52551851,952.8461769,414420.5,375245.5
"715",715,2017,"01","AIN",192,750,3676,4864,29615,72.02621464,67.40621202,963.3684833,132442,209949
"716",716,2017,"02","AISNE",4,2524,159,0,152566,72.02621464,67.40621202,963.3684833,350634.6,585895.6
"717",717,2017,"03","ALLIER",45,610,199,664,15066,72.02621464,67.40621202,963.3684833,87362.5,859505.4
"718",718,2017,"04","ALPES-DE-HAUTE-PROVENCE",50,701,292,3269,33053,72.02621464,67.40621202,963.3684833,107554.6,63938.9
"719",719,2017,"05","HAUTE-MARNE",9,115,22,79,2195,72.02621464,67.40621202,963.3684833,4004.2,174102.7
"720",720,2017,"06","ALPES-MARITIMES",1,84,15,50,2094,72.02621464,67.40621202,963.3684833,24323.8,7898.3
"721",721,2017,"07","ARDECHE",495,10274,8562,6357,396604,72.02621464,67.40621202,963.3684833,279499.4,85804.1
"722",722,2017,"09","ARIEGE",7,67,9,120,1350,72.02621464,67.40621202,963.3684833,40290.3,55215.4
"723",723,2017,"10","AUBE",7,7172,101,604,493361,72.02621464,67.40621202,963.3684833,602145.3,1497933.7
"724",724,2017,"11","AUDE",3065,64535,28166,138391,3147094,72.02621464,67.40621202,963.3684833,1270544.3,677763.9
"725",725,2017,"12","AVEYRON",48,389,21,301,4868,72.02621464,67.40621202,963.3684833,86105.2,147458.2
"726",726,2017,"13","BOUCHES-DU-RHONE",182,11193,1527,3901,535445,72.02621464,67.40621202,963.3684833,447280.3,115101.4
"727",727,2017,"14","CALVADOS",0,5,0,0,117,72.02621464,67.40621202,963.3684833,22391.3,140769
"728",728,2017,"15","CANTAL",0,9,0,9,106,72.02621464,67.40621202,963.3684833,2502,30052.6
"729",729,2017,"16","CHARENTE",469,39337,3205,9579,3022218,72.02621464,67.40621202,963.3684833,1689490.4,1278093.5
"730",730,2017,"17","CHARENTE-MARITIME",854,39102,34938,24397,3840345,72.02621464,67.40621202,963.3684833,1123629.5,1022953.8
"731",731,2017,"18","CHER",37,4226,291,814,235991,72.02621464,67.40621202,963.3684833,231099.7,177583.6
"732",732,2017,"19","CORREZE",27,94,2,553,1101,72.02621464,67.40621202,963.3684833,83559.8,32370.1
"733",733,2017,"21","COTE-D'OR",56,9465,1053,836,468308,72.02621464,67.40621202,963.3684833,441454.2,566963.6
"734",734,2017,"24","DORDOGNE",466,11311,3237,5537,306187,72.02621464,67.40621202,963.3684833,450665.6,304355.1
"735",735,2017,"25","DOUBS",15,26,174,165,654,72.02621464,67.40621202,963.3684833,4526.1,58159
"736",736,2017,"26","DROME",233,15865,818,3160,582426,72.02621464,67.40621202,963.3684833,750014.9,278395.9
"737",737,2017,"28","EURE-ET-LOIR",0,0,0,0,0,72.02621464,67.40621202,963.3684833,117011.6,563929.9
"738",738,2017,"2A","CORSE-DU-SUD",86,877,390,1514,27464,72.02621464,67.40621202,963.3684833,37545.7,15283.8
"739",739,2017,"2B","HAUT-RHIN",196,5000,9297,2497,287517,72.02621464,67.40621202,963.3684833,443303.7,325035.5
"740",740,2017,"30","GARD",2212,52605,18717,82808,2583611,72.02621464,67.40621202,963.3684833,2711093.4,1059969.9
"741",741,2017,"31","HAUTE-CORSE",117,1359,164,2795,47853,72.02621464,67.40621202,963.3684833,304201.1,135078.5
"742",742,2017,"32","GERS",3339,18477,343950,40693,1661986,72.02621464,67.40621202,963.3684833,984206.5,641624.7
"743",743,2017,"33","GIRONDE",1589,114554,6426,28059,3638261,72.02621464,67.40621202,963.3684833,4126278.8,2157743.5
"744",744,2017,"34","HERAULT",4018,80841,47250,145364,4036480,72.02621464,67.40621202,963.3684833,2319750.3,1133733.2
"745",745,2017,"36","INDRE",139,546,342,2397,20865,72.02621464,67.40621202,963.3684833,80520.7,505674.4
"746",746,2017,"37","INDRE-ET-LOIRE",521,9735,8977,17229,446145,72.02621464,67.40621202,963.3684833,372009.3,375491.8
"747",747,2017,"38","ISERE",90,325,965,2767,13045,72.02621464,67.40621202,963.3684833,186181.9,143933.4
"748",748,2017,"39","JURA",125,2086,1295,1493,46264,72.02621464,67.40621202,963.3684833,93247.5,86970.4
"749",749,2017,"40","LANDES",279,1570,21833,1839,112077,72.02621464,67.40621202,963.3684833,210974.4,291400.6
"750",750,2017,"41","LOIRET",670,6386,8422,11996,220696,72.02621464,67.40621202,963.3684833,77080.1,253696.5
"751",751,2017,"42","LOIR-ET-CHER",120,953,1452,2546,33301,72.02621464,67.40621202,963.3684833,618600.7,296041.1
"752",752,2017,"43","HAUTE-GARONNE",6,6,8,62,70,72.02621464,67.40621202,963.3684833,296225.9,306121.2
"753",753,2017,"44","LOIRE",1404,11037,27686,34630,418930,72.02621464,67.40621202,963.3684833,59587.6,49598.2
"754",754,2017,"45","LOIRE-ATLANTIQUE",17,138,39,260,2964,72.02621464,67.40621202,963.3684833,600577.4,487098.5
"755",755,2017,"46","LOT",343,4875,371,5764,115195,72.02621464,67.40621202,963.3684833,254794.8,144213.8
"756",756,2017,"47","LOT-ET-GARONNE",591,5982,17567,12223,312750,72.02621464,67.40621202,963.3684833,1084816.1,492904.8
"757",757,2017,"48","LOZERE",0,9,2,5,154,72.02621464,67.40621202,963.3684833,834,6744.2
"758",758,2017,"49","MAINE-ET-LOIRE",918,19369,15166,21356,905311,72.02621464,67.40621202,963.3684833,594523.6,575814.6
"759",759,2017,"51","MARNE",0,24101,5,8,1591874,72.02621464,67.40621202,963.3684833,1704963.3,1436655.6
"760",760,2017,"52","HAUTE-LOIRE",17,98,529,364,6909,72.02621464,67.40621202,963.3684833,1930.1,47032.3
"761",761,2017,"53","MAYENNE",1,1,49,7,58,72.02621464,67.40621202,963.3684833,11587.2,172097.6
"762",762,2017,"54","MEURTHE-ET-MOSELLE",25,116,308,587,3540,72.02621464,67.40621202,963.3684833,18491.9,183862.3
"763",763,2017,"55","MEUSE",8,41,293,91,2009,72.02621464,67.40621202,963.3684833,15436.7,295761.6
"764",764,2017,"57","MOSELLE",28,78,1033,186,2948,72.02621464,67.40621202,963.3684833,11918.1,237006.6
"765",765,2017,"58","NIEVRE",29,1528,305,575,74003,72.02621464,67.40621202,963.3684833,5260.4,31162
"766",766,2017,"59","NORD",1,1,12,28,40,72.02621464,67.40621202,963.3684833,345617.1,227120.8
"767",767,2017,"60","OISE",0,0,12,0,12,72.02621464,67.40621202,963.3684833,71708.5,570690.6
"768",768,2017,"62","PAS-DE-CALAIS",0,0,7,0,7,72.02621464,67.40621202,963.3684833,529220.3,469609.7
"769",769,2017,"63","PUY-DE-DOME",86,438,181,1365,10297,72.02621464,67.40621202,963.3684833,34143.8,131688.5
"770",770,2017,"64","PYRENEES-ATLANTIQUES",86,2500,540,3088,102683,72.02621464,67.40621202,963.3684833,161104.4,185766
"771",771,2017,"65","HAUTE-VIENNE",20,251,51,420,11238,72.02621464,67.40621202,963.3684833,8500.3,56923.1
"772",772,2017,"66","PYRENEES-ORIENTALES",819,21438,6976,11966,672812,72.02621464,67.40621202,963.3684833,876546.3,362301.3
"773",773,2017,"67","BAS-RHIN",21,6698,942,77,439855,72.02621464,67.40621202,963.3684833,99672.7,123819.5
"774",774,2017,"68","HAUTES-PYRENEES",18,8987,717,35,484952,72.02621464,67.40621202,963.3684833,49645.8,78030.7
"775",775,2017,"69","RHONE",312,16237,1850,10307,675981,72.02621464,67.40621202,963.3684833,709011.2,381049.9
"776",776,2017,"70","HAUTE-SAONE",25,104,236,386,2882,72.02621464,67.40621202,963.3684833,9127.4,105546.6
"777",777,2017,"71","SAONE-ET-LOIRE",102,12991,1845,1025,721150,72.02621464,67.40621202,963.3684833,499107.8,570972.1
"778",778,2017,"72","SARTHE",47,198,676,679,6356,72.02621464,67.40621202,963.3684833,52309.7,222905.5
"779",779,2017,"73","SAVOIE",83,1850,1933,1265,97482,72.02621464,67.40621202,963.3684833,138185,50387.9
"780",780,2017,"74","HAUTE-SAVOIE",83,240,1745,1276,8391,72.02621464,67.40621202,963.3684833,89639.4,22290.6
"781",781,2017,"76","SEINE-MARITIME",1,1,16,0,16,72.02621464,67.40621202,963.3684833,148073.6,440745.9
"782",782,2017,"77","SEINE-ET-MARNE",0,27,0,0,1361,72.02621464,67.40621202,963.3684833,24245.4,218085.4
"783",783,2017,"79","DEUX-SEVRES",84,810,790,2342,41060,72.02621464,67.40621202,963.3684833,845046.1,568607.7
"784",784,2017,"81","TARN",850,6561,15725,37719,363923,72.02621464,67.40621202,963.3684833,221565.3,222419.6
"785",785,2017,"82","TARN-ET-GARONNE",228,1474,188,6353,61639,72.02621464,67.40621202,963.3684833,881123.3,613898.7
"786",786,2017,"83","VAUCLUSE",319,28111,1341,11372,1211490,72.02621464,67.40621202,963.3684833,2680298.9,837068.7
"787",787,2017,"84","VENDEE",1350,45749,2532,24074,1542437,72.02621464,67.40621202,963.3684833,71042.6,314054.1
"788",788,2017,"85","VAR",188,950,1710,5262,44973,72.02621464,67.40621202,963.3684833,1019479,294975
"789",789,2017,"86","VIENNE",208,1187,1041,4271,50445,72.02621464,67.40621202,963.3684833,39939.4,458733.6
"790",790,2017,"87","HAUTES-ALPES",1,7,3,1,35,72.02621464,67.40621202,963.3684833,72103.7,22601.6
"791",791,2017,"88","VOSGES",7,7,1,181,182,72.02621464,67.40621202,963.3684833,8512.4,85238
"792",792,2017,"89","YONNE",34,7683,306,695,348234,72.02621464,67.40621202,963.3684833,382185.1,459485.1
"793",793,2017,"90","TERRITOIRE DE BELFORT",0,0,0,20,20,72.02621464,67.40621202,963.3684833,890.3,395.2
