"","annee","ndep","dep","s_nig","s_total","q_blanc","q_rouge","q_total","p_blanc","p_rouge","revenu"
"1",2009,"01","AIN",264,826,3728,11071,46464,60.18311254,45.05833306,948.5071398
"2",2009,"02","AISNE",3,2365,10663,156,190429,60.18311254,45.05833306,948.5071398
"3",2009,"03","ALLIER",166,583,300,3801,19029,60.18311254,45.05833306,948.5071398
"4",2009,"04","ALPES-DE-HAUTE-PROVENCE",454,736,223,4724,40309,60.18311254,45.05833306,948.5071398
"5",2009,"05","HAUTE-MARNE",132,132,80,765,4678,60.18311254,45.05833306,948.5071398
"6",2009,"06","ALPES-MARITIMES",56,99,20,499,2184,60.18311254,45.05833306,948.5071398
"7",2009,"07","ARDECHE",8262,11159,1184,21055,510949,60.18311254,45.05833306,948.5071398
"8",2009,"08","ARDENNES",1,1,15,14,29,60.18311254,45.05833306,948.5071398
"9",2009,"09","ARIEGE",19,19,1,507,508,60.18311254,45.05833306,948.5071398
"10",2009,"10","AUBE",33,6923,51340,1113,565951,60.18311254,45.05833306,948.5071398
"11",2009,"11","AUDE",48042,68990,14289,163952,3621700,60.18311254,45.05833306,948.5071398
"12",2009,"12","AVEYRON",367,659,249,7131,20548,60.18311254,45.05833306,948.5071398
"13",2009,"13","BOUCHES-DU-RHONE",3581,10169,1242,11433,494711,60.18311254,45.05833306,948.5071398
"14",2009,"14","CALVADOS",3,3,7,0,152,60.18311254,45.05833306,948.5071398
"15",2009,"15","CANTAL",9,11,6,83,349,60.18311254,45.05833306,948.5071398
"16",2009,"16","CHARENTE",2421,39077,299431,80868,4071127,60.18311254,45.05833306,948.5071398
"17",2009,"17","CHARENTE-MARITIME",5406,39060,985816,117529,4585471,60.18311254,45.05833306,948.5071398
"18",2009,"18","CHER",153,3853,156,2019,166589,60.18311254,45.05833306,948.5071398
"19",2009,"19","CORREZE",246,246,15,3783,6136,60.18311254,45.05833306,948.5071398
"20",2009,"2A","CORSE-DU-SUD",130,861,231,2077,30362,60.18311254,45.05833306,948.5071398
"21",2009,"2B","HAUT-RHIN",2996,5305,4993,3938,291865,60.18311254,45.05833306,948.5071398
"22",2009,"21","COTE-D'OR",119,9478,3495,5141,488172,60.18311254,45.05833306,948.5071398
"23",2009,"22","COTES-D'ARMOR",0,0,0,0,0,60.18311254,45.05833306,948.5071398
"24",2009,"23","CREUSE",0,0,0,0,0,60.18311254,45.05833306,948.5071398
"25",2009,"24","DORDOGNE",1119,13060,5135,30048,605926,60.18311254,45.05833306,948.5071398
"26",2009,"25","DOUBS",32,32,292,373,948,60.18311254,45.05833306,948.5071398
"27",2009,"26","DROME",2650,17822,1724,20445,742325,60.18311254,45.05833306,948.5071398
"28",2009,"27","EURE",0,0,0,0,0,60.18311254,45.05833306,948.5071398
"29",2009,"28","EURE-ET-LOIR",1,1,3,12,15,60.18311254,45.05833306,948.5071398
"30",2009,"29","FINISTERE",0,0,0,0,0,60.18311254,45.05833306,948.5071398
"31",2009,"30","GARD",36939,58110,28280,230082,3186183,60.18311254,45.05833306,948.5071398
"32",2009,"31","HAUTE-CORSE",820,1829,275,13217,94327,60.18311254,45.05833306,948.5071398
"33",2009,"32","GERS",14781,18454,237709,34281,1735698,60.18311254,45.05833306,948.5071398
"34",2009,"33","GIRONDE",1441,119477,19531,263118,6069096,60.18311254,45.05833306,948.5071398
"35",2009,"34","HERAULT",66732,82402,30474,410878,4573307,60.18311254,45.05833306,948.5071398
"36",2009,"35","ILLE-ET-VILAINE",0,0,0,0,0,60.18311254,45.05833306,948.5071398
"37",2009,"36","INDRE",400,651,1205,6592,30197,60.18311254,45.05833306,948.5071398
"38",2009,"37","INDRE-ET-LOIRE",866,10006,18143,27903,551866,60.18311254,45.05833306,948.5071398
"39",2009,"38","ISERE",349,507,2399,7572,23919,60.18311254,45.05833306,948.5071398
"40",2009,"39","JURA",182,2115,3325,3101,82760,60.18311254,45.05833306,948.5071398
"41",2009,"40","LANDES",1006,1807,19882,3127,135118,60.18311254,45.05833306,948.5071398
"42",2009,"41","LOIRET",2061,6986,12360,29253,407828,60.18311254,45.05833306,948.5071398
"43",2009,"42","LOIR-ET-CHER",360,985,1080,4706,35568,60.18311254,45.05833306,948.5071398
"44",2009,"43","HAUTE-GARONNE",50,50,23,984,1007,60.18311254,45.05833306,948.5071398
"45",2009,"44","LOIRE",2818,14442,43948,33949,901398,60.18311254,45.05833306,948.5071398
"46",2009,"45","LOIRE-ATLANTIQUE",86,261,338,1067,9316,60.18311254,45.05833306,948.5071398
"47",2009,"46","LOT",1665,5527,208,31403,270283,60.18311254,45.05833306,948.5071398
"48",2009,"47","LOT-ET-GARONNE",1617,6722,17832,45311,405868,60.18311254,45.05833306,948.5071398
"49",2009,"48","LOZERE",13,13,2,64,244,60.18311254,45.05833306,948.5071398
"50",2009,"49","MAINE-ET-LOIRE",1944,19652,13465,31653,1131405,60.18311254,45.05833306,948.5071398
"51",2009,"50","MANCHE",0,0,0,0,0,60.18311254,45.05833306,948.5071398
"52",2009,"51","MARNE",3,23778,182643,89,2074855,60.18311254,45.05833306,948.5071398
"53",2009,"52","HAUTE-LOIRE",73,106,504,1026,4037,60.18311254,45.05833306,948.5071398
"54",2009,"53","MAYENNE",2,2,16,20,57,60.18311254,45.05833306,948.5071398
"55",2009,"54","MEURTHE-ET-MOSELLE",50,113,277,1438,4421,60.18311254,45.05833306,948.5071398
"56",2009,"55","MEUSE",39,39,170,112,1748,60.18311254,45.05833306,948.5071398
"57",2009,"56","MORBIHAN",0,0,0,0,0,60.18311254,45.05833306,948.5071398
"58",2009,"57","MOSELLE",14,21,140,375,722,60.18311254,45.05833306,948.5071398
"59",2009,"58","NIEVRE",188,1510,452,1383,65609,60.18311254,45.05833306,948.5071398
"60",2009,"59","NORD",1,1,6,0,6,60.18311254,45.05833306,948.5071398
"61",2009,"60","OISE",0,0,0,0,0,60.18311254,45.05833306,948.5071398
"62",2009,"61","ORNE",0,0,0,0,0,60.18311254,45.05833306,948.5071398
"63",2009,"62","PAS-DE-CALAIS",0,0,0,0,0,60.18311254,45.05833306,948.5071398
"64",2009,"63","PUY-DE-DOME",341,598,385,8127,23029,60.18311254,45.05833306,948.5071398
"65",2009,"64","PYRENEES-ATLANTIQUES",197,2470,667,3864,91885,60.18311254,45.05833306,948.5071398
"66",2009,"65","HAUTE-VIENNE",206,426,270,3649,16402,60.18311254,45.05833306,948.5071398
"67",2009,"66","PYRENEES-ORIENTALES",6853,26627,4401,24424,754416,60.18311254,45.05833306,948.5071398
"68",2009,"67","BAS-RHIN",78,6888,20541,948,545950,60.18311254,45.05833306,948.5071398
"69",2009,"68","HAUTES-PYRENEES",30,9043,25430,1243,693877,60.18311254,45.05833306,948.5071398
"70",2009,"69","RHONE",274,18461,2671,19512,857172,60.18311254,45.05833306,948.5071398
"71",2009,"70","HAUTE-SAONE",121,121,347,980,5158,60.18311254,45.05833306,948.5071398
"72",2009,"71","SAONE-ET-LOIRE",127,12998,17497,6285,779592,60.18311254,45.05833306,948.5071398
"73",2009,"72","SARTHE",104,250,991,2648,9843,60.18311254,45.05833306,948.5071398
"74",2009,"73","SAVOIE",231,1988,4846,6261,120571,60.18311254,45.05833306,948.5071398
"75",2009,"74","HAUTE-SAVOIE",116,257,4895,2029,14637,60.18311254,45.05833306,948.5071398
"76",2009,"75","PARIS",0,0,0,0,0,60.18311254,45.05833306,948.5071398
"77",2009,"76","SEINE-MARITIME",0,0,0,0,0,60.18311254,45.05833306,948.5071398
"78",2009,"77","SEINE-ET-MARNE",0,21,62,0,1513,60.18311254,45.05833306,948.5071398
"79",2009,"78","YVELINES",0,0,0,0,0,60.18311254,45.05833306,948.5071398
"80",2009,"79","DEUX-SEVRES",345,1009,1290,11380,56011,60.18311254,45.05833306,948.5071398
"81",2009,"80","SOMME",0,0,0,0,0,60.18311254,45.05833306,948.5071398
"82",2009,"81","TARN",3565,7162,8971,36623,391496,60.18311254,45.05833306,948.5071398
"83",2009,"82","TARN-ET-GARONNE",1012,1848,538,20911,96475,60.18311254,45.05833306,948.5071398
"84",2009,"83","VAUCLUSE",7051,29413,4511,28953,1371811,60.18311254,45.05833306,948.5071398
"85",2009,"84","VENDEE",11078,49913,29897,80391,2010361,60.18311254,45.05833306,948.5071398
"86",2009,"85","VAR",1078,1618,4245,28971,80000,60.18311254,45.05833306,948.5071398
"87",2009,"86","VIENNE",1107,1816,5829,14949,91854,60.18311254,45.05833306,948.5071398
"88",2009,"87","HAUTES-ALPES",6,6,0,36,174,60.18311254,45.05833306,948.5071398
"89",2009,"88","VOSGES",42,42,17,1173,1190,60.18311254,45.05833306,948.5071398
"90",2009,"89","YONNE",93,6792,27345,3110,425227,60.18311254,45.05833306,948.5071398
"91",2009,"90","TERRITOIRE DE BELFORT",1,1,5,0,5,60.18311254,45.05833306,948.5071398
"92",2009,"91","ESSONNE",0,0,0,0,0,60.18311254,45.05833306,948.5071398
"93",2009,"92","HAUTS-DE-SEINE",0,0,0,0,0,60.18311254,45.05833306,948.5071398
"94",2009,"93","SEINE-SAINT-DENIS",0,0,0,0,0,60.18311254,45.05833306,948.5071398
"95",2009,"94","VAL-D'OISE",0,0,0,0,0,60.18311254,45.05833306,948.5071398
"96",2009,"95","VAL-DE-MARNE",0,0,0,0,0,60.18311254,45.05833306,948.5071398
"97",2010,"01","AIN",299,872,3971,10781,56212,53.42202991,51.47380002,960.9740536
"98",2010,"02","AISNE",7,2407,17769,19,186623,53.42202991,51.47380002,960.9740536
"99",2010,"03","ALLIER",321,862,465,3907,20211,53.42202991,51.47380002,960.9740536
"100",2010,"04","ALPES-DE-HAUTE-PROVENCE",432,697,395,4985,40042,53.42202991,51.47380002,960.9740536
"101",2010,"05","HAUTE-MARNE",215,215,69,655,5043,53.42202991,51.47380002,960.9740536
"102",2010,"06","ALPES-MARITIMES",68,118,46,403,2690,53.42202991,51.47380002,960.9740536
"103",2010,"07","ARDECHE",8178,11088,1113,14658,521605,53.42202991,51.47380002,960.9740536
"104",2010,"08","ARDENNES",1,1,16,12,28,53.42202991,51.47380002,960.9740536
"105",2010,"09","ARIEGE",70,70,14,428,1986,53.42202991,51.47380002,960.9740536
"106",2010,"10","AUBE",41,7038,26184,988,500263,53.42202991,51.47380002,960.9740536
"107",2010,"11","AUDE",46552,67078,12433,148671,3602658,53.42202991,51.47380002,960.9740536
"108",2010,"12","AVEYRON",386,739,260,6495,17829,53.42202991,51.47380002,960.9740536
"109",2010,"13","BOUCHES-DU-RHONE",3650,10290,1199,15684,530727,53.42202991,51.47380002,960.9740536
"110",2010,"14","CALVADOS",3,3,115,15,130,53.42202991,51.47380002,960.9740536
"111",2010,"15","CANTAL",9,11,3,67,326,53.42202991,51.47380002,960.9740536
"112",2010,"16","CHARENTE",2360,39537,209493,94687,4320526,53.42202991,51.47380002,960.9740536
"113",2010,"17","CHARENTE-MARITIME",4385,39075,539863,99515,4398606,53.42202991,51.47380002,960.9740536
"114",2010,"18","CHER",153,3918,457,2512,225731,53.42202991,51.47380002,960.9740536
"115",2010,"19","CORREZE",239,239,14,2982,5049,53.42202991,51.47380002,960.9740536
"116",2010,"2A","CORSE-DU-SUD",148,854,236,3123,34883,53.42202991,51.47380002,960.9740536
"117",2010,"2B","HAUT-RHIN",2934,4968,13924,7135,341392,53.42202991,51.47380002,960.9740536
"118",2010,"21","COTE-D'OR",108,9452,1148,1754,378994,53.42202991,51.47380002,960.9740536
"119",2010,"22","COTES-D'ARMOR",0,0,0,0,0,53.42202991,51.47380002,960.9740536
"120",2010,"23","CREUSE",0,0,0,0,0,53.42202991,51.47380002,960.9740536
"121",2010,"24","DORDOGNE",1011,12660,8907,21795,591736,53.42202991,51.47380002,960.9740536
"122",2010,"25","DOUBS",49,49,412,287,1091,53.42202991,51.47380002,960.9740536
"123",2010,"26","DROME",2592,17037,2018,10791,691774,53.42202991,51.47380002,960.9740536
"124",2010,"27","EURE",0,0,0,0,0,53.42202991,51.47380002,960.9740536
"125",2010,"28","EURE-ET-LOIR",1,1,9,3,12,53.42202991,51.47380002,960.9740536
"126",2010,"29","FINISTERE",0,0,0,0,0,53.42202991,51.47380002,960.9740536
"127",2010,"30","GARD",34754,54774,33820,179372,3073388,53.42202991,51.47380002,960.9740536
"128",2010,"31","HAUTE-CORSE",735,1769,354,7700,80657,53.42202991,51.47380002,960.9740536
"129",2010,"32","GERS",15182,18651,191189,84600,1580386,53.42202991,51.47380002,960.9740536
"130",2010,"33","GIRONDE",1806,117182,36543,254743,5987696,53.42202991,51.47380002,960.9740536
"131",2010,"34","HERAULT",65626,80518,33482,284116,4575462,53.42202991,51.47380002,960.9740536
"132",2010,"35","ILLE-ET-VILAINE",0,0,0,0,0,53.42202991,51.47380002,960.9740536
"133",2010,"36","INDRE",376,640,3109,7102,33166,53.42202991,51.47380002,960.9740536
"134",2010,"37","INDRE-ET-LOIRE",828,10253,13626,22899,513591,53.42202991,51.47380002,960.9740536
"135",2010,"38","ISERE",441,616,2481,6510,21894,53.42202991,51.47380002,960.9740536
"136",2010,"39","JURA",291,2414,3478,2862,89683,53.42202991,51.47380002,960.9740536
"137",2010,"40","LANDES",1021,2164,14212,9916,136028,53.42202991,51.47380002,960.9740536
"138",2010,"41","LOIRET",2014,6854,28048,35218,417630,53.42202991,51.47380002,960.9740536
"139",2010,"42","LOIR-ET-CHER",413,1041,1417,3799,35661,53.42202991,51.47380002,960.9740536
"140",2010,"43","HAUTE-GARONNE",46,46,26,820,846,53.42202991,51.47380002,960.9740536
"141",2010,"44","LOIRE",3390,14374,124713,61074,889511,53.42202991,51.47380002,960.9740536
"142",2010,"45","LOIRE-ATLANTIQUE",86,223,427,1396,8401,53.42202991,51.47380002,960.9740536
"143",2010,"46","LOT",1359,5211,181,15883,161372,53.42202991,51.47380002,960.9740536
"144",2010,"47","LOT-ET-GARONNE",1516,6433,11762,31123,375377,53.42202991,51.47380002,960.9740536
"145",2010,"48","LOZERE",8,8,0,57,176,53.42202991,51.47380002,960.9740536
"146",2010,"49","MAINE-ET-LOIRE",2112,19463,28237,41146,1105618,53.42202991,51.47380002,960.9740536
"147",2010,"50","MANCHE",0,0,0,0,0,53.42202991,51.47380002,960.9740536
"148",2010,"51","MARNE",3,23902,117762,86,1789857,53.42202991,51.47380002,960.9740536
"149",2010,"52","HAUTE-LOIRE",102,136,419,814,5723,53.42202991,51.47380002,960.9740536
"150",2010,"53","MAYENNE",1,1,21,21,77,53.42202991,51.47380002,960.9740536
"151",2010,"54","MEURTHE-ET-MOSELLE",55,122,547,1139,4669,53.42202991,51.47380002,960.9740536
"152",2010,"55","MEUSE",38,38,186,104,1659,53.42202991,51.47380002,960.9740536
"153",2010,"56","MORBIHAN",0,0,0,0,0,53.42202991,51.47380002,960.9740536
"154",2010,"57","MOSELLE",91,165,517,294,2203,53.42202991,51.47380002,960.9740536
"155",2010,"58","NIEVRE",133,1524,511,1289,79958,53.42202991,51.47380002,960.9740536
"156",2010,"59","NORD",1,1,8,1,9,53.42202991,51.47380002,960.9740536
"157",2010,"60","OISE",1,1,3,1,4,53.42202991,51.47380002,960.9740536
"158",2010,"61","ORNE",0,0,0,0,0,53.42202991,51.47380002,960.9740536
"159",2010,"62","PAS-DE-CALAIS",0,0,0,0,0,53.42202991,51.47380002,960.9740536
"160",2010,"63","PUY-DE-DOME",312,580,205,7287,20257,53.42202991,51.47380002,960.9740536
"161",2010,"64","PYRENEES-ATLANTIQUES",223,2579,4385,5892,111499,53.42202991,51.47380002,960.9740536
"162",2010,"65","HAUTE-VIENNE",187,403,348,5015,17105,53.42202991,51.47380002,960.9740536
"163",2010,"66","PYRENEES-ORIENTALES",6270,25431,4278,21654,714690,53.42202991,51.47380002,960.9740536
"164",2010,"67","BAS-RHIN",86,6643,8092,555,432417,53.42202991,51.47380002,960.9740536
"165",2010,"68","HAUTES-PYRENEES",49,8954,3231,281,471216,53.42202991,51.47380002,960.9740536
"166",2010,"69","RHONE",270,18113,3499,20734,849959,53.42202991,51.47380002,960.9740536
"167",2010,"70","HAUTE-SAONE",140,140,523,1192,4331,53.42202991,51.47380002,960.9740536
"168",2010,"71","SAONE-ET-LOIRE",143,12927,8022,4353,692812,53.42202991,51.47380002,960.9740536
"169",2010,"72","SARTHE",108,263,915,2138,8608,53.42202991,51.47380002,960.9740536
"170",2010,"73","SAVOIE",247,2046,4808,5681,121342,53.42202991,51.47380002,960.9740536
"171",2010,"74","HAUTE-SAVOIE",135,277,5514,2249,14420,53.42202991,51.47380002,960.9740536
"172",2010,"75","PARIS",0,0,0,0,0,53.42202991,51.47380002,960.9740536
"173",2010,"76","SEINE-MARITIME",0,0,0,0,0,53.42202991,51.47380002,960.9740536
"174",2010,"77","SEINE-ET-MARNE",1,21,283,0,1965,53.42202991,51.47380002,960.9740536
"175",2010,"78","YVELINES",0,0,0,0,0,53.42202991,51.47380002,960.9740536
"176",2010,"79","DEUX-SEVRES",355,1006,1026,8546,52923,53.42202991,51.47380002,960.9740536
"177",2010,"80","SOMME",0,0,0,0,0,53.42202991,51.47380002,960.9740536
"178",2010,"81","TARN",3526,6864,12842,62500,433943,53.42202991,51.47380002,960.9740536
"179",2010,"82","TARN-ET-GARONNE",1008,1843,765,17438,85178,53.42202991,51.47380002,960.9740536
"180",2010,"83","VAUCLUSE",6876,29114,5650,33928,1425119,53.42202991,51.47380002,960.9740536
"181",2010,"84","VENDEE",9976,47977,31988,69719,1921161,53.42202991,51.47380002,960.9740536
"182",2010,"85","VAR",1076,1584,4873,29369,77331,53.42202991,51.47380002,960.9740536
"183",2010,"86","VIENNE",1143,1856,7430,14117,85301,53.42202991,51.47380002,960.9740536
"184",2010,"87","HAUTES-ALPES",5,5,0,90,90,53.42202991,51.47380002,960.9740536
"185",2010,"88","VOSGES",56,56,30,808,838,53.42202991,51.47380002,960.9740536
"186",2010,"89","YONNE",102,6907,5906,2240,384085,53.42202991,51.47380002,960.9740536
"187",2010,"90","TERRITOIRE DE BELFORT",1,1,6,0,6,53.42202991,51.47380002,960.9740536
"188",2010,"91","ESSONNE",0,0,0,0,0,53.42202991,51.47380002,960.9740536
"189",2010,"92","HAUTS-DE-SEINE",0,0,0,0,0,53.42202991,51.47380002,960.9740536
"190",2010,"93","SEINE-SAINT-DENIS",0,0,0,0,0,53.42202991,51.47380002,960.9740536
"191",2010,"94","VAL-D'OISE",0,0,0,0,0,53.42202991,51.47380002,960.9740536
"192",2010,"95","VAL-DE-MARNE",0,0,0,0,0,53.42202991,51.47380002,960.9740536
"193",2011,"01","AIN",267,822,4679,12794,53338,48.59587398,59.68954902,959.043659
"194",2011,"02","AISNE",7,2334,13548,26,215154,48.59587398,59.68954902,959.043659
"195",2011,"03","ALLIER",123,682,914,2800,26069,48.59587398,59.68954902,959.043659
"196",2011,"04","ALPES-DE-HAUTE-PROVENCE",431,678,361,4195,33907,48.59587398,59.68954902,959.043659
"197",2011,"05","HAUTE-MARNE",123,123,77,445,3644,48.59587398,59.68954902,959.043659
"198",2011,"06","ALPES-MARITIMES",46,102,117,395,2904,48.59587398,59.68954902,959.043659
"199",2011,"07","ARDECHE",7948,10663,6648,32766,598254,48.59587398,59.68954902,959.043659
"200",2011,"08","ARDENNES",1,1,18,13,31,48.59587398,59.68954902,959.043659
"201",2011,"09","ARIEGE",66,66,53,490,1864,48.59587398,59.68954902,959.043659
"202",2011,"10","AUBE",31,6690,18109,1001,566234,48.59587398,59.68954902,959.043659
"203",2011,"11","AUDE",45697,64778,56934,366537,4335925,48.59587398,59.68954902,959.043659
"204",2011,"12","AVEYRON",313,611,206,5463,16321,48.59587398,59.68954902,959.043659
"205",2011,"13","BOUCHES-DU-RHONE",3397,9802,4459,16716,596915,48.59587398,59.68954902,959.043659
"206",2011,"14","CALVADOS",3,3,0,0,146,48.59587398,59.68954902,959.043659
"207",2011,"15","CANTAL",8,10,5,57,276,48.59587398,59.68954902,959.043659
"208",2011,"16","CHARENTE",1891,39382,124796,83259,4570697,48.59587398,59.68954902,959.043659
"209",2011,"17","CHARENTE-MARITIME",3378,39502,290034,100711,4718607,48.59587398,59.68954902,959.043659
"210",2011,"18","CHER",596,4498,481,2427,230723,48.59587398,59.68954902,959.043659
"211",2011,"19","CORREZE",205,205,24,2925,4557,48.59587398,59.68954902,959.043659
"212",2011,"2A","CORSE-DU-SUD",135,858,228,3332,34413,48.59587398,59.68954902,959.043659
"213",2011,"2B","HAUT-RHIN",2860,4888,11984,10390,310959,48.59587398,59.68954902,959.043659
"214",2011,"21","COTE-D'OR",103,9475,2261,1912,434565,48.59587398,59.68954902,959.043659
"215",2011,"22","COTES-D'ARMOR",0,0,0,0,0,48.59587398,59.68954902,959.043659
"216",2011,"23","CREUSE",0,0,0,0,0,48.59587398,59.68954902,959.043659
"217",2011,"24","DORDOGNE",1163,12349,5063,29648,583357,48.59587398,59.68954902,959.043659
"218",2011,"25","DOUBS",39,39,388,470,1340,48.59587398,59.68954902,959.043659
"219",2011,"26","DROME",2350,16428,1882,20493,795536,48.59587398,59.68954902,959.043659
"220",2011,"27","EURE",0,0,0,0,0,48.59587398,59.68954902,959.043659
"221",2011,"28","EURE-ET-LOIR",1,1,6,5,11,48.59587398,59.68954902,959.043659
"222",2011,"29","FINISTERE",0,0,0,0,0,48.59587398,59.68954902,959.043659
"223",2011,"30","GARD",33487,52617,29650,400228,3492766,48.59587398,59.68954902,959.043659
"224",2011,"31","HAUTE-CORSE",780,1690,466,17890,102538,48.59587398,59.68954902,959.043659
"225",2011,"32","GERS",14321,17836,479757,90153,1879415,48.59587398,59.68954902,959.043659
"226",2011,"33","GIRONDE",4515,115225,33127,654708,6187886,48.59587398,59.68954902,959.043659
"227",2011,"34","HERAULT",65904,80710,119398,758966,5879070,48.59587398,59.68954902,959.043659
"228",2011,"35","ILLE-ET-VILAINE",0,0,0,0,0,48.59587398,59.68954902,959.043659
"229",2011,"36","INDRE",360,631,2487,7104,32601,48.59587398,59.68954902,959.043659
"230",2011,"37","INDRE-ET-LOIRE",778,9836,14640,29532,538116,48.59587398,59.68954902,959.043659
"231",2011,"38","ISERE",390,590,2714,7104,22856,48.59587398,59.68954902,959.043659
"232",2011,"39","JURA",221,2189,4971,3442,117499,48.59587398,59.68954902,959.043659
"233",2011,"40","LANDES",900,2035,27753,9113,177002,48.59587398,59.68954902,959.043659
"234",2011,"41","LOIRET",2021,6792,27924,32019,393092,48.59587398,59.68954902,959.043659
"235",2011,"42","LOIR-ET-CHER",362,945,2134,7224,38923,48.59587398,59.68954902,959.043659
"236",2011,"43","HAUTE-GARONNE",43,43,31,677,708,48.59587398,59.68954902,959.043659
"237",2011,"44","LOIRE",3846,13112,151144,65653,773228,48.59587398,59.68954902,959.043659
"238",2011,"45","LOIRE-ATLANTIQUE",75,242,187,839,6879,48.59587398,59.68954902,959.043659
"239",2011,"46","LOT",1735,5257,198,74522,320966,48.59587398,59.68954902,959.043659
"240",2011,"47","LOT-ET-GARONNE",1602,6274,22728,47084,402500,48.59587398,59.68954902,959.043659
"241",2011,"48","LOZERE",13,13,0,83,311,48.59587398,59.68954902,959.043659
"242",2011,"49","MAINE-ET-LOIRE",2380,19662,40635,65980,1099960,48.59587398,59.68954902,959.043659
"243",2011,"50","MANCHE",0,0,0,0,0,48.59587398,59.68954902,959.043659
"244",2011,"51","MARNE",5,22395,125560,64,2089220,48.59587398,59.68954902,959.043659
"245",2011,"52","HAUTE-LOIRE",66,100,432,740,5851,48.59587398,59.68954902,959.043659
"246",2011,"53","MAYENNE",1,1,77,19,96,48.59587398,59.68954902,959.043659
"247",2011,"54","MEURTHE-ET-MOSELLE",44,104,339,1726,5520,48.59587398,59.68954902,959.043659
"248",2011,"55","MEUSE",39,39,457,210,1856,48.59587398,59.68954902,959.043659
"249",2011,"56","MORBIHAN",0,0,0,0,0,48.59587398,59.68954902,959.043659
"250",2011,"57","MOSELLE",22,115,466,434,2386,48.59587398,59.68954902,959.043659
"251",2011,"58","NIEVRE",140,1487,661,1434,86795,48.59587398,59.68954902,959.043659
"252",2011,"59","NORD",1,1,6,1,7,48.59587398,59.68954902,959.043659
"253",2011,"60","OISE",1,1,3,1,4,48.59587398,59.68954902,959.043659
"254",2011,"61","ORNE",1,1,0,3,3,48.59587398,59.68954902,959.043659
"255",2011,"62","PAS-DE-CALAIS",0,0,0,0,0,48.59587398,59.68954902,959.043659
"256",2011,"63","PUY-DE-DOME",380,650,264,6767,19988,48.59587398,59.68954902,959.043659
"257",2011,"64","PYRENEES-ATLANTIQUES",273,2514,681,5460,107434,48.59587398,59.68954902,959.043659
"258",2011,"65","HAUTE-VIENNE",170,378,278,4486,15510,48.59587398,59.68954902,959.043659
"259",2011,"66","PYRENEES-ORIENTALES",7152,25252,24930,74801,1018282,48.59587398,59.68954902,959.043659
"260",2011,"67","BAS-RHIN",79,6425,17649,943,519171,48.59587398,59.68954902,959.043659
"261",2011,"68","HAUTES-PYRENEES",29,8635,19582,1311,662386,48.59587398,59.68954902,959.043659
"262",2011,"69","RHONE",358,17632,8718,29379,905390,48.59587398,59.68954902,959.043659
"263",2011,"70","HAUTE-SAONE",139,139,479,977,5163,48.59587398,59.68954902,959.043659
"264",2011,"71","SAONE-ET-LOIRE",138,12800,23802,6876,783005,48.59587398,59.68954902,959.043659
"265",2011,"72","SARTHE",91,241,970,1800,9358,48.59587398,59.68954902,959.043659
"266",2011,"73","SAVOIE",209,1936,4716,5975,126494,48.59587398,59.68954902,959.043659
"267",2011,"74","HAUTE-SAVOIE",126,269,6239,2521,17127,48.59587398,59.68954902,959.043659
"268",2011,"75","PARIS",0,0,0,0,0,48.59587398,59.68954902,959.043659
"269",2011,"76","SEINE-MARITIME",0,0,0,0,0,48.59587398,59.68954902,959.043659
"270",2011,"77","SEINE-ET-MARNE",0,22,251,0,2132,48.59587398,59.68954902,959.043659
"271",2011,"78","YVELINES",0,0,0,0,0,48.59587398,59.68954902,959.043659
"272",2011,"79","DEUX-SEVRES",357,993,1600,10035,51846,48.59587398,59.68954902,959.043659
"273",2011,"80","SOMME",0,0,0,0,0,48.59587398,59.68954902,959.043659
"274",2011,"81","TARN",3763,6731,16193,74165,461133,48.59587398,59.68954902,959.043659
"275",2011,"82","TARN-ET-GARONNE",1006,1684,478,26599,109536,48.59587398,59.68954902,959.043659
"276",2011,"83","VAUCLUSE",6582,28457,3235,32477,1459755,48.59587398,59.68954902,959.043659
"277",2011,"84","VENDEE",10219,46934,21142,116711,2191749,48.59587398,59.68954902,959.043659
"278",2011,"85","VAR",965,1471,5009,29254,74963,48.59587398,59.68954902,959.043659
"279",2011,"86","VIENNE",1056,1641,5649,16017,88225,48.59587398,59.68954902,959.043659
"280",2011,"87","HAUTES-ALPES",6,6,0,33,188,48.59587398,59.68954902,959.043659
"281",2011,"88","VOSGES",31,31,18,612,630,48.59587398,59.68954902,959.043659
"282",2011,"89","YONNE",84,6994,46323,2808,468101,48.59587398,59.68954902,959.043659
"283",2011,"90","TERRITOIRE DE BELFORT",1,1,10,0,10,48.59587398,59.68954902,959.043659
"284",2011,"91","ESSONNE",0,0,0,0,0,48.59587398,59.68954902,959.043659
"285",2011,"92","HAUTS-DE-SEINE",0,0,0,0,0,48.59587398,59.68954902,959.043659
"286",2011,"93","SEINE-SAINT-DENIS",0,0,0,0,0,48.59587398,59.68954902,959.043659
"287",2011,"94","VAL-D'OISE",0,0,0,0,0,48.59587398,59.68954902,959.043659
"288",2011,"95","VAL-DE-MARNE",0,0,0,0,0,48.59587398,59.68954902,959.043659
"289",2012,"01","AIN",304,864,3489,9020,37703,57.90157163,57.78598753,942.23533
"290",2012,"02","AISNE",7,2449,170,10,123781,57.90157163,57.78598753,942.23533
"291",2012,"03","ALLIER",137,697,537,2548,23492,57.90157163,57.78598753,942.23533
"292",2012,"04","ALPES-DE-HAUTE-PROVENCE",95,697,350,6421,40890,57.90157163,57.78598753,942.23533
"293",2012,"05","HAUTE-MARNE",25,110,53,290,3417,57.90157163,57.78598753,942.23533
"294",2012,"06","ALPES-MARITIMES",18,96,12,329,2403,57.90157163,57.78598753,942.23533
"295",2012,"07","ARDECHE",608,10489,10293,14594,550751,57.90157163,57.78598753,942.23533
"296",2012,"08","ARDENNES",1,1,9,9,18,57.90157163,57.78598753,942.23533
"297",2012,"09","ARIEGE",152,200,0,325,2093,57.90157163,57.78598753,942.23533
"298",2012,"10","AUBE",25,7018,204,574,404345,57.90157163,57.78598753,942.23533
"299",2012,"11","AUDE",3695,64435,32598,174278,3533977,57.90157163,57.78598753,942.23533
"300",2012,"12","AVEYRON",310,622,188,4953,17387,57.90157163,57.78598753,942.23533
"301",2012,"13","BOUCHES-DU-RHONE",276,10051,1779,11980,548726,57.90157163,57.78598753,942.23533
"302",2012,"14","CALVADOS",0,3,0,0,104,57.90157163,57.78598753,942.23533
"303",2012,"15","CANTAL",3,11,5,64,296,57.90157163,57.78598753,942.23533
"304",2012,"16","CHARENTE",1035,39024,20456,35778,3739176,57.90157163,57.78598753,942.23533
"305",2012,"17","CHARENTE-MARITIME",1469,38785,68623,46133,3999281,57.90157163,57.78598753,942.23533
"306",2012,"18","CHER",125,4085,403,1664,217078,57.90157163,57.78598753,942.23533
"307",2012,"19","CORREZE",136,205,8,2824,4749,57.90157163,57.78598753,942.23533
"308",2012,"2A","CORSE-DU-SUD",103,854,310,3488,31500,57.90157163,57.78598753,942.23533
"309",2012,"2B","HAUT-RHIN",233,4952,11801,4988,312333,57.90157163,57.78598753,942.23533
"310",2012,"21","COTE-D'OR",67,9484,552,1081,295199,57.90157163,57.78598753,942.23533
"311",2012,"22","COTES-D'ARMOR",0,0,0,0,0,57.90157163,57.78598753,942.23533
"312",2012,"23","CREUSE",0,0,0,0,0,57.90157163,57.78598753,942.23533
"313",2012,"24","DORDOGNE",847,12086,3937,18182,542002,57.90157163,57.78598753,942.23533
"314",2012,"25","DOUBS",17,36,201,254,690,57.90157163,57.78598753,942.23533
"315",2012,"26","DROME",231,16262,566,6006,734766,57.90157163,57.78598753,942.23533
"316",2012,"27","EURE",0,0,0,0,0,57.90157163,57.78598753,942.23533
"317",2012,"28","EURE-ET-LOIR",1,1,0,3,3,57.90157163,57.78598753,942.23533
"318",2012,"29","FINISTERE",0,0,0,0,0,57.90157163,57.78598753,942.23533
"319",2012,"30","GARD",3037,52666,41047,196850,3270564,57.90157163,57.78598753,942.23533
"320",2012,"31","HAUTE-CORSE",188,1642,154,6145,86057,57.90157163,57.78598753,942.23533
"321",2012,"32","GERS",3216,18264,316535,55540,1703299,57.90157163,57.78598753,942.23533
"322",2012,"33","GIRONDE",2352,115348,12408,168344,5622317,57.90157163,57.78598753,942.23533
"323",2012,"34","HERAULT",6580,80807,43883,362016,4792334,57.90157163,57.78598753,942.23533
"324",2012,"35","ILLE-ET-VILAINE",0,0,0,0,0,57.90157163,57.78598753,942.23533
"325",2012,"36","INDRE",292,669,747,3290,18876,57.90157163,57.78598753,942.23533
"326",2012,"37","INDRE-ET-LOIRE",736,10012,4711,13026,380340,57.90157163,57.78598753,942.23533
"327",2012,"38","ISERE",325,582,1814,7234,21479,57.90157163,57.78598753,942.23533
"328",2012,"39","JURA",184,2192,2277,2024,74692,57.90157163,57.78598753,942.23533
"329",2012,"40","LANDES",310,1798,15754,4359,121006,57.90157163,57.78598753,942.23533
"330",2012,"41","LOIRET",1008,6905,6227,11903,209042,57.90157163,57.78598753,942.23533
"331",2012,"42","LOIR-ET-CHER",220,1044,2130,5845,36966,57.90157163,57.78598753,942.23533
"332",2012,"43","HAUTE-GARONNE",40,40,16,565,581,57.90157163,57.78598753,942.23533
"333",2012,"44","LOIRE",1510,12318,24597,31405,376580,57.90157163,57.78598753,942.23533
"334",2012,"45","LOIRE-ATLANTIQUE",21,225,78,394,4673,57.90157163,57.78598753,942.23533
"335",2012,"46","LOT",753,5090,130,36942,247952,57.90157163,57.78598753,942.23533
"336",2012,"47","LOT-ET-GARONNE",766,6208,19965,27552,360084,57.90157163,57.78598753,942.23533
"337",2012,"48","LOZERE",5,5,0,41,303,57.90157163,57.78598753,942.23533
"338",2012,"49","MAINE-ET-LOIRE",1062,19520,12972,21129,845049,57.90157163,57.78598753,942.23533
"339",2012,"50","MANCHE",0,0,0,0,0,57.90157163,57.78598753,942.23533
"340",2012,"51","MARNE",5,23499,61,35,1478365,57.90157163,57.78598753,942.23533
"341",2012,"52","HAUTE-LOIRE",26,101,218,373,4013,57.90157163,57.78598753,942.23533
"342",2012,"53","MAYENNE",1,1,19,12,31,57.90157163,57.78598753,942.23533
"343",2012,"54","MEURTHE-ET-MOSELLE",95,149,216,680,2382,57.90157163,57.78598753,942.23533
"344",2012,"55","MEUSE",7,38,198,22,1023,57.90157163,57.78598753,942.23533
"345",2012,"56","MORBIHAN",0,0,0,0,0,57.90157163,57.78598753,942.23533
"346",2012,"57","MOSELLE",35,57,75,164,742,57.90157163,57.78598753,942.23533
"347",2012,"58","NIEVRE",74,1500,413,903,84107,57.90157163,57.78598753,942.23533
"348",2012,"59","NORD",1,1,12,7,19,57.90157163,57.78598753,942.23533
"349",2012,"60","OISE",0,0,0,0,0,57.90157163,57.78598753,942.23533
"350",2012,"61","ORNE",0,0,0,0,0,57.90157163,57.78598753,942.23533
"351",2012,"62","PAS-DE-CALAIS",0,0,0,0,0,57.90157163,57.78598753,942.23533
"352",2012,"63","PUY-DE-DOME",224,565,229,5656,18841,57.90157163,57.78598753,942.23533
"353",2012,"64","PYRENEES-ATLANTIQUES",143,2495,679,4336,107939,57.90157163,57.78598753,942.23533
"354",2012,"65","HAUTE-VIENNE",124,364,205,2984,11336,57.90157163,57.78598753,942.23533
"355",2012,"66","PYRENEES-ORIENTALES",842,23866,12163,20375,710081,57.90157163,57.78598753,942.23533
"356",2012,"67","BAS-RHIN",56,6628,2628,183,506830,57.90157163,57.78598753,942.23533
"357",2012,"68","HAUTES-PYRENEES",24,8954,1355,116,663088,57.90157163,57.78598753,942.23533
"358",2012,"69","RHONE",313,17515,1758,5640,570831,57.90157163,57.78598753,942.23533
"359",2012,"70","HAUTE-SAONE",36,117,197,409,2246,57.90157163,57.78598753,942.23533
"360",2012,"71","SAONE-ET-LOIRE",111,12953,1523,1541,613693,57.90157163,57.78598753,942.23533
"361",2012,"72","SARTHE",105,252,375,799,4375,57.90157163,57.78598753,942.23533
"362",2012,"73","SAVOIE",155,1968,2380,3290,111299,57.90157163,57.78598753,942.23533
"363",2012,"74","HAUTE-SAVOIE",130,279,5653,2764,14442,57.90157163,57.78598753,942.23533
"364",2012,"75","PARIS",0,0,0,0,0,57.90157163,57.78598753,942.23533
"365",2012,"76","SEINE-MARITIME",0,0,0,0,0,57.90157163,57.78598753,942.23533
"366",2012,"77","SEINE-ET-MARNE",0,22,0,0,1292,57.90157163,57.78598753,942.23533
"367",2012,"78","YVELINES",0,0,0,0,0,57.90157163,57.78598753,942.23533
"368",2012,"79","DEUX-SEVRES",290,1021,689,7262,45444,57.90157163,57.78598753,942.23533
"369",2012,"80","SOMME",0,0,0,0,0,57.90157163,57.78598753,942.23533
"370",2012,"81","TARN",1125,6664,26786,52300,417492,57.90157163,57.78598753,942.23533
"371",2012,"82","TARN-ET-GARONNE",458,1631,495,17858,87579,57.90157163,57.78598753,942.23533
"372",2012,"83","VAUCLUSE",466,28161,1382,20072,1268604,57.90157163,57.78598753,942.23533
"373",2012,"84","VENDEE",1693,46890,20226,50375,1955689,57.90157163,57.78598753,942.23533
"374",2012,"85","VAR",692,1457,2539,18389,45866,57.90157163,57.78598753,942.23533
"375",2012,"86","VIENNE",587,1614,1293,9619,58962,57.90157163,57.78598753,942.23533
"376",2012,"87","HAUTES-ALPES",2,7,0,22,280,57.90157163,57.78598753,942.23533
"377",2012,"88","VOSGES",81,81,18,405,423,57.90157163,57.78598753,942.23533
"378",2012,"89","YONNE",61,7150,472,1238,381125,57.90157163,57.78598753,942.23533
"379",2012,"90","TERRITOIRE DE BELFORT",1,1,3,0,9,57.90157163,57.78598753,942.23533
"380",2012,"91","ESSONNE",0,0,0,0,0,57.90157163,57.78598753,942.23533
"381",2012,"92","HAUTS-DE-SEINE",0,0,0,0,0,57.90157163,57.78598753,942.23533
"382",2012,"93","SEINE-SAINT-DENIS",0,0,0,0,0,57.90157163,57.78598753,942.23533
"383",2012,"94","VAL-D'OISE",0,0,0,0,0,57.90157163,57.78598753,942.23533
"384",2012,"95","VAL-DE-MARNE",0,0,0,0,0,57.90157163,57.78598753,942.23533
"385",2013,"01","AIN",242,803,3857,8692,38559,73.9380974,64.65650726,917.7323532
"386",2013,"02","AISNE",7,2474,423,17,219627,73.9380974,64.65650726,917.7323532
"387",2013,"03","ALLIER",125,685,436,2094,20032,73.9380974,64.65650726,917.7323532
"388",2013,"04","ALPES-DE-HAUTE-PROVENCE",106,711,424,4353,36266,73.9380974,64.65650726,917.7323532
"389",2013,"05","HAUTE-MARNE",41,144,62,340,5455,73.9380974,64.65650726,917.7323532
"390",2013,"06","ALPES-MARITIMES",44,125,14,223,1879,73.9380974,64.65650726,917.7323532
"391",2013,"07","ARDECHE",617,10405,12905,10617,517896,73.9380974,64.65650726,917.7323532
"392",2013,"08","ARDENNES",1,1,12,6,18,73.9380974,64.65650726,917.7323532
"393",2013,"09","ARIEGE",139,161,78,476,1251,73.9380974,64.65650726,917.7323532
"394",2013,"10","AUBE",23,7088,272,617,554229,73.9380974,64.65650726,917.7323532
"395",2013,"11","AUDE",5277,65614,73258,302029,3892421,73.9380974,64.65650726,917.7323532
"396",2013,"12","AVEYRON",240,556,153,3741,13423,73.9380974,64.65650726,917.7323532
"397",2013,"13","BOUCHES-DU-RHONE",252,10001,4366,6140,507832,73.9380974,64.65650726,917.7323532
"398",2013,"14","CALVADOS",1,6,1,0,168,73.9380974,64.65650726,917.7323532
"399",2013,"15","CANTAL",3,11,0,55,219,73.9380974,64.65650726,917.7323532
"400",2013,"16","CHARENTE",840,39058,6217,22262,3907256,73.9380974,64.65650726,917.7323532
"401",2013,"17","CHARENTE-MARITIME",1232,38705,22809,24177,3979850,73.9380974,64.65650726,917.7323532
"402",2013,"18","CHER",105,4114,527,1834,229513,73.9380974,64.65650726,917.7323532
"403",2013,"19","CORREZE",117,179,35,1545,3530,73.9380974,64.65650726,917.7323532
"404",2013,"2A","CORSE-DU-SUD",89,845,350,3397,34585,73.9380974,64.65650726,917.7323532
"405",2013,"2B","HAUT-RHIN",279,4978,10117,9634,347660,73.9380974,64.65650726,917.7323532
"406",2013,"21","COTE-D'OR",77,9407,366,879,356391,73.9380974,64.65650726,917.7323532
"407",2013,"22","COTES-D'ARMOR",0,0,0,0,0,73.9380974,64.65650726,917.7323532
"408",2013,"23","CREUSE",0,0,0,0,0,73.9380974,64.65650726,917.7323532
"409",2013,"24","DORDOGNE",735,11899,4552,9717,389812,73.9380974,64.65650726,917.7323532
"410",2013,"25","DOUBS",19,36,191,224,768,73.9380974,64.65650726,917.7323532
"411",2013,"26","DROME",480,16263,503,4715,627229,73.9380974,64.65650726,917.7323532
"412",2013,"27","EURE",0,0,0,0,0,73.9380974,64.65650726,917.7323532
"413",2013,"28","EURE-ET-LOIR",1,1,0,9,9,73.9380974,64.65650726,917.7323532
"414",2013,"29","FINISTERE",0,0,0,0,0,73.9380974,64.65650726,917.7323532
"415",2013,"30","GARD",2886,53011,27147,182591,3197642,73.9380974,64.65650726,917.7323532
"416",2013,"31","HAUTE-CORSE",180,1596,194,3637,56950,73.9380974,64.65650726,917.7323532
"417",2013,"32","GERS",1881,18278,124568,17902,1283269,73.9380974,64.65650726,917.7323532
"418",2013,"33","GIRONDE",1585,115416,8884,36135,3964661,73.9380974,64.65650726,917.7323532
"419",2013,"34","HERAULT",8400,80918,148947,679217,5716091,73.9380974,64.65650726,917.7323532
"420",2013,"35","ILLE-ET-VILAINE",0,0,0,0,0,73.9380974,64.65650726,917.7323532
"421",2013,"36","INDRE",188,557,1470,4877,27399,73.9380974,64.65650726,917.7323532
"422",2013,"37","INDRE-ET-LOIRE",627,9937,10699,18920,418541,73.9380974,64.65650726,917.7323532
"423",2013,"38","ISERE",309,610,1414,3909,15905,73.9380974,64.65650726,917.7323532
"424",2013,"39","JURA",168,2105,1907,1580,58288,73.9380974,64.65650726,917.7323532
"425",2013,"40","LANDES",238,1671,6394,2415,90718,73.9380974,64.65650726,917.7323532
"426",2013,"41","LOIRET",743,6552,11237,22300,345089,73.9380974,64.65650726,917.7323532
"427",2013,"42","LOIR-ET-CHER",169,924,1098,3414,28306,73.9380974,64.65650726,917.7323532
"428",2013,"43","HAUTE-GARONNE",37,37,29,486,515,73.9380974,64.65650726,917.7323532
"429",2013,"44","LOIRE",1319,11967,40556,44821,642999,73.9380974,64.65650726,917.7323532
"430",2013,"45","LOIRE-ATLANTIQUE",23,203,109,602,5771,73.9380974,64.65650726,917.7323532
"431",2013,"46","LOT",611,5055,130,12051,146451,73.9380974,64.65650726,917.7323532
"432",2013,"47","LOT-ET-GARONNE",612,6241,6287,14099,279431,73.9380974,64.65650726,917.7323532
"433",2013,"48","LOZERE",2,11,21,221,461,73.9380974,64.65650726,917.7323532
"434",2013,"49","MAINE-ET-LOIRE",1050,19540,21356,28128,994432,73.9380974,64.65650726,917.7323532
"435",2013,"50","MANCHE",0,0,0,0,0,73.9380974,64.65650726,917.7323532
"436",2013,"51","MARNE",5,23945,75,60,2043341,73.9380974,64.65650726,917.7323532
"437",2013,"52","HAUTE-LOIRE",37,105,603,664,5798,73.9380974,64.65650726,917.7323532
"438",2013,"53","MAYENNE",2,2,49,32,81,73.9380974,64.65650726,917.7323532
"439",2013,"54","MEURTHE-ET-MOSELLE",207,274,462,1050,3901,73.9380974,64.65650726,917.7323532
"440",2013,"55","MEUSE",17,48,309,78,1903,73.9380974,64.65650726,917.7323532
"441",2013,"56","MORBIHAN",0,0,0,0,0,73.9380974,64.65650726,917.7323532
"442",2013,"57","MOSELLE",39,70,648,870,2690,73.9380974,64.65650726,917.7323532
"443",2013,"58","NIEVRE",53,1666,398,1046,81397,73.9380974,64.65650726,917.7323532
"444",2013,"59","NORD",1,1,15,20,35,73.9380974,64.65650726,917.7323532
"445",2013,"60","OISE",1,1,3,1,4,73.9380974,64.65650726,917.7323532
"446",2013,"61","ORNE",1,1,0,5,5,73.9380974,64.65650726,917.7323532
"447",2013,"62","PAS-DE-CALAIS",0,0,0,0,0,73.9380974,64.65650726,917.7323532
"448",2013,"63","PUY-DE-DOME",290,635,208,4710,16934,73.9380974,64.65650726,917.7323532
"449",2013,"64","PYRENEES-ATLANTIQUES",283,2649,410,1920,78026,73.9380974,64.65650726,917.7323532
"450",2013,"65","HAUTE-VIENNE",107,341,128,1909,11529,73.9380974,64.65650726,917.7323532
"451",2013,"66","PYRENEES-ORIENTALES",761,23496,16965,25764,773826,73.9380974,64.65650726,917.7323532
"452",2013,"67","BAS-RHIN",48,6642,2161,181,441286,73.9380974,64.65650726,917.7323532
"453",2013,"68","HAUTES-PYRENEES",22,8965,837,104,553451,73.9380974,64.65650726,917.7323532
"454",2013,"69","RHONE",274,17075,1605,8083,761962,73.9380974,64.65650726,917.7323532
"455",2013,"70","HAUTE-SAONE",57,118,392,814,2821,73.9380974,64.65650726,917.7323532
"456",2013,"71","SAONE-ET-LOIRE",133,13181,1619,1672,642862,73.9380974,64.65650726,917.7323532
"457",2013,"72","SARTHE",80,225,778,1173,7798,73.9380974,64.65650726,917.7323532
"458",2013,"73","SAVOIE",111,1901,1777,3210,101940,73.9380974,64.65650726,917.7323532
"459",2013,"74","HAUTE-SAVOIE",119,268,5251,1826,12843,73.9380974,64.65650726,917.7323532
"460",2013,"75","PARIS",0,0,0,0,0,73.9380974,64.65650726,917.7323532
"461",2013,"76","SEINE-MARITIME",0,0,0,0,0,73.9380974,64.65650726,917.7323532
"462",2013,"77","SEINE-ET-MARNE",0,22,0,0,1901,73.9380974,64.65650726,917.7323532
"463",2013,"78","YVELINES",0,0,0,0,0,73.9380974,64.65650726,917.7323532
"464",2013,"79","DEUX-SEVRES",375,1045,1683,6548,47591,73.9380974,64.65650726,917.7323532
"465",2013,"80","SOMME",0,0,0,0,0,73.9380974,64.65650726,917.7323532
"466",2013,"81","TARN",1218,6876,16486,28706,309638,73.9380974,64.65650726,917.7323532
"467",2013,"82","TARN-ET-GARONNE",423,1555,437,13965,61430,73.9380974,64.65650726,917.7323532
"468",2013,"83","VAUCLUSE",459,28088,3282,20040,1358425,73.9380974,64.65650726,917.7323532
"469",2013,"84","VENDEE",1878,46924,19171,36798,1663943,73.9380974,64.65650726,917.7323532
"470",2013,"85","VAR",661,1400,3287,19454,61667,73.9380974,64.65650726,917.7323532
"471",2013,"86","VIENNE",608,1513,6648,9927,69273,73.9380974,64.65650726,917.7323532
"472",2013,"87","HAUTES-ALPES",1,7,0,14,313,73.9380974,64.65650726,917.7323532
"473",2013,"88","VOSGES",27,27,18,659,677,73.9380974,64.65650726,917.7323532
"474",2013,"89","YONNE",73,7283,373,1267,294480,73.9380974,64.65650726,917.7323532
"475",2013,"90","TERRITOIRE DE BELFORT",0,1,0,0,5,73.9380974,64.65650726,917.7323532
"476",2013,"91","ESSONNE",0,0,0,0,0,73.9380974,64.65650726,917.7323532
"477",2013,"92","HAUTS-DE-SEINE",0,0,0,0,0,73.9380974,64.65650726,917.7323532
"478",2013,"93","SEINE-SAINT-DENIS",0,0,0,0,0,73.9380974,64.65650726,917.7323532
"479",2013,"94","VAL-D'OISE",0,0,0,0,0,73.9380974,64.65650726,917.7323532
"480",2013,"95","VAL-DE-MARNE",0,0,0,0,0,73.9380974,64.65650726,917.7323532
"481",2014,"01","AIN",216,771,3427,9200,42031,82.30811577,70.88129316,929.0361325
"482",2014,"02","AISNE",7,2499,388,15,214779,82.30811577,70.88129316,929.0361325
"483",2014,"03","ALLIER",100,643,641,2771,27420,82.30811577,70.88129316,929.0361325
"484",2014,"04","ALPES-DE-HAUTE-PROVENCE",87,688,469,6886,46905,82.30811577,70.88129316,929.0361325
"485",2014,"05","HAUTE-MARNE",31,130,48,346,4960,82.30811577,70.88129316,929.0361325
"486",2014,"06","ALPES-MARITIMES",11,85,24,318,2786,82.30811577,70.88129316,929.0361325
"487",2014,"07","ARDECHE",755,10564,13946,21653,622520,82.30811577,70.88129316,929.0361325
"488",2014,"08","ARDENNES",1,1,20,5,24,82.30811577,70.88129316,929.0361325
"489",2014,"09","ARIEGE",50,103,3,278,2305,82.30811577,70.88129316,929.0361325
"490",2014,"10","AUBE",25,7187,358,663,648124,82.30811577,70.88129316,929.0361325
"491",2014,"11","AUDE",4360,64774,42409,233365,3621870,82.30811577,70.88129316,929.0361325
"492",2014,"12","AVEYRON",293,616,152,3971,17890,82.30811577,70.88129316,929.0361325
"493",2014,"13","BOUCHES-DU-RHONE",331,10043,7865,20541,676055,82.30811577,70.88129316,929.0361325
"494",2014,"14","CALVADOS",1,6,1,0,210,82.30811577,70.88129316,929.0361325
"495",2014,"15","CANTAL",2,10,5,42,280,82.30811577,70.88129316,929.0361325
"496",2014,"16","CHARENTE",801,39208,8925,25672,4307967,82.30811577,70.88129316,929.0361325
"497",2014,"17","CHARENTE-MARITIME",1072,38742,34138,37626,4298342,82.30811577,70.88129316,929.0361325
"498",2014,"18","CHER",98,4139,570,1566,251222,82.30811577,70.88129316,929.0361325
"499",2014,"19","CORREZE",111,179,28,2021,4625,82.30811577,70.88129316,929.0361325
"500",2014,"2A","CORSE-DU-SUD",76,842,310,3367,34489,82.30811577,70.88129316,929.0361325
"501",2014,"2B","HAUT-RHIN",290,5103,4814,6946,328857,82.30811577,70.88129316,929.0361325
"502",2014,"21","COTE-D'OR",75,9530,935,1429,420727,82.30811577,70.88129316,929.0361325
"503",2014,"24","DORDOGNE",692,11722,4672,15954,524459,82.30811577,70.88129316,929.0361325
"504",2014,"25","DOUBS",18,27,324,321,897,82.30811577,70.88129316,929.0361325
"505",2014,"26","DROME",309,16130,852,15228,854204,82.30811577,70.88129316,929.0361325
"506",2014,"28","EURE-ET-LOIR",1,1,0,6,6,82.30811577,70.88129316,929.0361325
"507",2014,"30","GARD",3299,52804,35823,281681,3531719,82.30811577,70.88129316,929.0361325
"508",2014,"31","HAUTE-CORSE",156,1551,286,5216,84052,82.30811577,70.88129316,929.0361325
"509",2014,"32","GERS",3245,18420,256848,34824,1558565,82.30811577,70.88129316,929.0361325
"510",2014,"33","GIRONDE",2024,114724,11818,133007,5642353,82.30811577,70.88129316,929.0361325
"511",2014,"34","HERAULT",6205,81033,67957,367227,4727618,82.30811577,70.88129316,929.0361325
"512",2014,"36","INDRE",176,564,1641,4231,26601,82.30811577,70.88129316,929.0361325
"513",2014,"37","INDRE-ET-LOIRE",577,9862,10364,18675,463793,82.30811577,70.88129316,929.0361325
"514",2014,"38","ISERE",273,495,2070,4763,17658,82.30811577,70.88129316,929.0361325
"515",2014,"39","JURA",156,2210,2421,1979,75601,82.30811577,70.88129316,929.0361325
"516",2014,"40","LANDES",181,1633,9143,1943,109235,82.30811577,70.88129316,929.0361325
"517",2014,"41","LOIRET",733,6489,10355,19465,333597,82.30811577,70.88129316,929.0361325
"518",2014,"42","LOIR-ET-CHER",218,1192,1866,4724,38569,82.30811577,70.88129316,929.0361325
"519",2014,"43","HAUTE-GARONNE",35,35,44,508,552,82.30811577,70.88129316,929.0361325
"520",2014,"44","LOIRE",1657,11788,62591,47916,640470,82.30811577,70.88129316,929.0361325
"521",2014,"45","LOIRE-ATLANTIQUE",18,187,96,472,6399,82.30811577,70.88129316,929.0361325
"522",2014,"46","LOT",686,4993,370,47657,311201,82.30811577,70.88129316,929.0361325
"523",2014,"47","LOT-ET-GARONNE",638,6040,12098,23023,358806,82.30811577,70.88129316,929.0361325
"524",2014,"48","LOZERE",2,13,0,39,333,82.30811577,70.88129316,929.0361325
"525",2014,"49","MAINE-ET-LOIRE",1063,19378,22658,30297,1049359,82.30811577,70.88129316,929.0361325
"526",2014,"51","MARNE",3,23958,75,53,2232004,82.30811577,70.88129316,929.0361325
"527",2014,"52","HAUTE-LOIRE",35,108,699,616,6853,82.30811577,70.88129316,929.0361325
"528",2014,"53","MAYENNE",2,2,47,29,76,82.30811577,70.88129316,929.0361325
"529",2014,"54","MEURTHE-ET-MOSELLE",51,196,514,867,5399,82.30811577,70.88129316,929.0361325
"530",2014,"55","MEUSE",9,42,366,110,2441,82.30811577,70.88129316,929.0361325
"531",2014,"57","MOSELLE",96,189,1410,591,4415,82.30811577,70.88129316,929.0361325
"532",2014,"58","NIEVRE",41,1543,494,1063,91087,82.30811577,70.88129316,929.0361325
"533",2014,"59","NORD",1,1,23,14,37,82.30811577,70.88129316,929.0361325
"534",2014,"60","OISE",1,1,2,0,2,82.30811577,70.88129316,929.0361325
"535",2014,"63","PUY-DE-DOME",312,797,331,4731,17948,82.30811577,70.88129316,929.0361325
"536",2014,"64","PYRENEES-ATLANTIQUES",247,2588,749,2477,92427,82.30811577,70.88129316,929.0361325
"537",2014,"65","HAUTE-VIENNE",116,306,172,1786,10313,82.30811577,70.88129316,929.0361325
"538",2014,"66","PYRENEES-ORIENTALES",1385,23640,24024,24310,826570,82.30811577,70.88129316,929.0361325
"539",2014,"67","BAS-RHIN",69,6662,2227,129,455951,82.30811577,70.88129316,929.0361325
"540",2014,"68","HAUTES-PYRENEES",25,8978,1093,68,583113,82.30811577,70.88129316,929.0361325
"541",2014,"69","RHONE",297,16829,2077,10916,849496,82.30811577,70.88129316,929.0361325
"542",2014,"70","HAUTE-SAONE",54,119,589,765,3733,82.30811577,70.88129316,929.0361325
"543",2014,"71","SAONE-ET-LOIRE",95,12923,2523,1711,774843,82.30811577,70.88129316,929.0361325
"544",2014,"72","SARTHE",50,182,520,826,5844,82.30811577,70.88129316,929.0361325
"545",2014,"73","SAVOIE",127,1898,2656,2650,106863,82.30811577,70.88129316,929.0361325
"546",2014,"74","HAUTE-SAVOIE",91,249,3606,2080,12705,82.30811577,70.88129316,929.0361325
"547",2014,"77","SEINE-ET-MARNE",0,22,0,0,1829,82.30811577,70.88129316,929.0361325
"548",2014,"79","DEUX-SEVRES",226,918,720,6371,51255,82.30811577,70.88129316,929.0361325
"549",2014,"81","TARN",1010,6576,29502,36867,397101,82.30811577,70.88129316,929.0361325
"550",2014,"82","TARN-ET-GARONNE",485,1661,316,15593,85080,82.30811577,70.88129316,929.0361325
"551",2014,"83","VAUCLUSE",457,27828,2856,24360,1568625,82.30811577,70.88129316,929.0361325
"552",2014,"84","VENDEE",1792,46584,21169,100206,2403997,82.30811577,70.88129316,929.0361325
"553",2014,"85","VAR",631,1336,3583,17941,56744,82.30811577,70.88129316,929.0361325
"554",2014,"86","VIENNE",493,1438,1846,11479,68505,82.30811577,70.88129316,929.0361325
"555",2014,"87","HAUTES-ALPES",1,7,2,16,363,82.30811577,70.88129316,929.0361325
"556",2014,"88","VOSGES",31,31,12,427,439,82.30811577,70.88129316,929.0361325
"557",2014,"89","YONNE",63,7430,576,1756,447947,82.30811577,70.88129316,929.0361325
"558",2014,"90","TERRITOIRE DE BELFORT",0,1,0,0,8,82.30811577,70.88129316,929.0361325
"559",2015,"01","AIN",189,758,2977,7520,39233,88.00826923,76.37153846,935.9
"560",2015,"02","AISNE",5,2441,349,8,179477,88.00826923,76.37153846,935.9
"561",2015,"03","ALLIER",86,647,548,2233,27103,88.00826923,76.37153846,935.9
"562",2015,"04","ALPES-DE-HAUTE-PROVENCE",72,674,213,4593,41733,88.00826923,76.37153846,935.9
"563",2015,"05","HAUTE-MARNE",15,116,88,233,4456,88.00826923,76.37153846,935.9
"564",2015,"06","ALPES-MARITIMES",6,86,7,84,2245,88.00826923,76.37153846,935.9
"565",2015,"07","ARDECHE",640,10321,8601,11671,520944,88.00826923,76.37153846,935.9
"566",2015,"08","ARDENNES",0,0,3,2,5,88.00826923,76.37153846,935.9
"567",2015,"09","ARIEGE",15,67,16,412,2544,88.00826923,76.37153846,935.9
"568",2015,"10","AUBE",16,6968,204,393,514671,88.00826923,76.37153846,935.9
"569",2015,"11","AUDE",3694,67810,63675,244488,3884761,88.00826923,76.37153846,935.9
"570",2015,"12","AVEYRON",83,404,97,1414,14223,88.00826923,76.37153846,935.9
"571",2015,"13","BOUCHES-DU-RHONE",275,10151,10380,9870,622859,88.00826923,76.37153846,935.9
"572",2015,"14","CALVADOS",0,5,1,0,183,88.00826923,76.37153846,935.9
"573",2015,"15","CANTAL",1,8,5,23,212,88.00826923,76.37153846,935.9
"574",2015,"16","CHARENTE",732,39145,24861,24830,4789078,88.00826923,76.37153846,935.9
"575",2015,"17","CHARENTE-MARITIME",1122,38783,74960,42249,4862613,88.00826923,76.37153846,935.9
"576",2015,"18","CHER",102,4191,286,1239,235015,88.00826923,76.37153846,935.9
"577",2015,"19","CORREZE",65,139,13,1352,3335,88.00826923,76.37153846,935.9
"578",2015,"21","COTE-D'OR",85,9528,1029,2332,392048,88.00826923,76.37153846,935.9
"579",2015,"24","DORDOGNE",582,11476,5145,16415,518646,88.00826923,76.37153846,935.9
"580",2015,"25","DOUBS",14,22,209,194,652,88.00826923,76.37153846,935.9
"581",2015,"26","DROME",270,15995,987,8474,773637,88.00826923,76.37153846,935.9
"582",2015,"28","EURE-ET-LOIR",0,0,0,7,7,88.00826923,76.37153846,935.9
"583",2015,"2A","CORSE-DU-SUD",93,887,329,2885,35004,88.00826923,76.37153846,935.9
"584",2015,"2B","HAUT-RHIN",248,4908,6443,10782,353266,88.00826923,76.37153846,935.9
"585",2015,"30","GARD",2802,52498,42637,222984,3369402,88.00826923,76.37153846,935.9
"586",2015,"31","HAUTE-CORSE",190,1547,284,3818,78172,88.00826923,76.37153846,935.9
"587",2015,"32","GERS",2837,17711,358423,28556,1729100,88.00826923,76.37153846,935.9
"588",2015,"33","GIRONDE",1923,113645,11498,115409,5672267,88.00826923,76.37153846,935.9
"589",2015,"34","HERAULT",6171,81124,119405,426007,5552878,88.00826923,76.37153846,935.9
"590",2015,"36","INDRE",171,557,1105,3226,22852,88.00826923,76.37153846,935.9
"591",2015,"37","INDRE-ET-LOIRE",581,9726,9793,17683,466382,88.00826923,76.37153846,935.9
"592",2015,"38","ISERE",463,690,1820,5275,19220,88.00826923,76.37153846,935.9
"593",2015,"39","JURA",164,2149,3005,3062,80253,88.00826923,76.37153846,935.9
"594",2015,"40","LANDES",209,1503,24007,3721,129449,88.00826923,76.37153846,935.9
"595",2015,"41","LOIRET",666,6454,10041,9143,299308,88.00826923,76.37153846,935.9
"596",2015,"42","LOIR-ET-CHER",132,940,1456,2976,35100,88.00826923,76.37153846,935.9
"597",2015,"43","HAUTE-GARONNE",41,41,18,551,569,88.00826923,76.37153846,935.9
"598",2015,"44","LOIRE",1890,11650,92146,52187,704726,88.00826923,76.37153846,935.9
"599",2015,"45","LOIRE-ATLANTIQUE",261,432,114,290,5776,88.00826923,76.37153846,935.9
"600",2015,"46","LOT",499,4902,310,27942,281515,88.00826923,76.37153846,935.9
"601",2015,"47","LOT-ET-GARONNE",629,5792,20381,22549,354391,88.00826923,76.37153846,935.9
"602",2015,"48","LOZERE",1,12,0,24,242,88.00826923,76.37153846,935.9
"603",2015,"49","MAINE-ET-LOIRE",1135,19340,24084,30185,1073591,88.00826923,76.37153846,935.9
"604",2015,"51","MARNE",5,23183,150,41,1806125,88.00826923,76.37153846,935.9
"605",2015,"52","HAUTE-LOIRE",51,133,360,361,6326,88.00826923,76.37153846,935.9
"606",2015,"53","MAYENNE",2,2,45,23,568,88.00826923,76.37153846,935.9
"607",2015,"54","MEURTHE-ET-MOSELLE",63,141,712,877,5053,88.00826923,76.37153846,935.9
"608",2015,"55","MEUSE",8,41,284,91,1712,88.00826923,76.37153846,935.9
"609",2015,"57","MOSELLE",57,95,2302,704,4777,88.00826923,76.37153846,935.9
"610",2015,"58","NIEVRE",72,1585,431,766,86856,88.00826923,76.37153846,935.9
"611",2015,"59","NORD",1,1,22,22,44,88.00826923,76.37153846,935.9
"612",2015,"60","OISE",0,0,16,1,17,88.00826923,76.37153846,935.9
"613",2015,"62","PAS-DE-CALAIS",0,0,4,0,4,88.00826923,76.37153846,935.9
"614",2015,"63","PUY-DE-DOME",128,465,408,4522,18540,88.00826923,76.37153846,935.9
"615",2015,"64","PYRENEES-ATLANTIQUES",106,2427,675,3270,100680,88.00826923,76.37153846,935.9
"616",2015,"65","HAUTE-VIENNE",256,468,82,1117,11278,88.00826923,76.37153846,935.9
"617",2015,"66","PYRENEES-ORIENTALES",771,22533,17684,21943,842710,88.00826923,76.37153846,935.9
"618",2015,"67","BAS-RHIN",33,6637,750,57,446908,88.00826923,76.37153846,935.9
"619",2015,"68","HAUTES-PYRENEES",17,8942,766,339,559928,88.00826923,76.37153846,935.9
"620",2015,"69","RHONE",242,16669,2205,6596,705175,88.00826923,76.37153846,935.9
"621",2015,"70","HAUTE-SAONE",36,105,354,575,3439,88.00826923,76.37153846,935.9
"622",2015,"71","SAONE-ET-LOIRE",92,12951,1973,1476,727180,88.00826923,76.37153846,935.9
"623",2015,"72","SARTHE",57,205,729,1303,6871,88.00826923,76.37153846,935.9
"624",2015,"73","SAVOIE",105,1860,3824,2147,111007,88.00826923,76.37153846,935.9
"625",2015,"74","HAUTE-SAVOIE",90,248,3725,2183,11503,88.00826923,76.37153846,935.9
"626",2015,"77","SEINE-ET-MARNE",0,22,0,0,1716,88.00826923,76.37153846,935.9
"627",2015,"79","DEUX-SEVRES",251,946,972,6428,52892,88.00826923,76.37153846,935.9
"628",2015,"81","TARN",972,6460,24733,31407,354823,88.00826923,76.37153846,935.9
"629",2015,"82","TARN-ET-GARONNE",359,1606,227,11166,86067,88.00826923,76.37153846,935.9
"630",2015,"83","VAUCLUSE",350,27663,2698,15664,1474641,88.00826923,76.37153846,935.9
"631",2015,"84","VENDEE",1547,45877,13889,61461,2152369,88.00826923,76.37153846,935.9
"632",2015,"85","VAR",376,1084,3524,12832,55970,88.00826923,76.37153846,935.9
"633",2015,"86","VIENNE",330,1320,1520,7025,66607,88.00826923,76.37153846,935.9
"634",2015,"87","HAUTES-ALPES",1,7,15,11,198,88.00826923,76.37153846,935.9
"635",2015,"88","VOSGES",21,21,173,380,553,88.00826923,76.37153846,935.9
"636",2015,"89","YONNE",49,7566,563,1075,459920,88.00826923,76.37153846,935.9
"637",2015,"90","TERRITOIRE DE BELFORT",1,1,11,0,18,88.00826923,76.37153846,935.9
"638",2016,"01","AIN",218,778,4635,9520,45435,83.28016482,74.52551851,952.8461769
"639",2016,"02","AISNE",4,2429,150,0,157345,83.28016482,74.52551851,952.8461769
"640",2016,"03","ALLIER",61,610,354,1682,25500,83.28016482,74.52551851,952.8461769
"641",2016,"04","ALPES-DE-HAUTE-PROVENCE",48,778,393,3271,43717,83.28016482,74.52551851,952.8461769
"642",2016,"05","HAUTE-MARNE",32,138,105,222,6308,83.28016482,74.52551851,952.8461769
"643",2016,"06","ALPES-MARITIMES",5,84,3,139,2593,83.28016482,74.52551851,952.8461769
"644",2016,"07","ARDECHE",781,10436,21765,24340,677308,83.28016482,74.52551851,952.8461769
"645",2016,"09","ARIEGE",14,64,12,221,2401,83.28016482,74.52551851,952.8461769
"646",2016,"10","AUBE",104,7091,63,107,338105,83.28016482,74.52551851,952.8461769
"647",2016,"11","AUDE",3120,64370,44210,172821,3587812,83.28016482,74.52551851,952.8461769
"648",2016,"12","AVEYRON",117,454,128,1716,16598,83.28016482,74.52551851,952.8461769
"649",2016,"13","BOUCHES-DU-RHONE",244,10313,6831,4343,594693,83.28016482,74.52551851,952.8461769
"650",2016,"14","CALVADOS",0,5,0,0,133,83.28016482,74.52551851,952.8461769
"651",2016,"15","CANTAL",1,8,2,8,180,83.28016482,74.52551851,952.8461769
"652",2016,"16","CHARENTE",713,39155,10811,16881,3668972,83.28016482,74.52551851,952.8461769
"653",2016,"17","CHARENTE-MARITIME",987,38924,53481,32449,4161166,83.28016482,74.52551851,952.8461769
"654",2016,"18","CHER",37,4170,181,478,203169,83.28016482,74.52551851,952.8461769
"655",2016,"19","CORREZE",54,127,16,1029,3324,83.28016482,74.52551851,952.8461769
"656",2016,"21","COTE-D'OR",60,9669,362,355,273866,83.28016482,74.52551851,952.8461769
"657",2016,"24","DORDOGNE",687,11514,14815,34215,636836,83.28016482,74.52551851,952.8461769
"658",2016,"25","DOUBS",69,77,625,609,1442,83.28016482,74.52551851,952.8461769
"659",2016,"26","DROME",283,16041,2171,16290,848353,83.28016482,74.52551851,952.8461769
"660",2016,"28","EURE-ET-LOIR",0,0,0,7,7,83.28016482,74.52551851,952.8461769
"661",2016,"2A","CORSE-DU-SUD",79,875,625,2830,38552,83.28016482,74.52551851,952.8461769
"662",2016,"2B","HAUT-RHIN",256,4974,8413,13997,350185,83.28016482,74.52551851,952.8461769
"663",2016,"30","GARD",2554,52491,40354,213578,3469702,83.28016482,74.52551851,952.8461769
"664",2016,"31","HAUTE-CORSE",168,1492,357,7977,95950,83.28016482,74.52551851,952.8461769
"665",2016,"32","GERS",3664,18172,500707,36010,1924247,83.28016482,74.52551851,952.8461769
"666",2016,"33","GIRONDE",2750,114074,38169,240767,6707680,83.28016482,74.52551851,952.8461769
"667",2016,"34","HERAULT",4740,81059,61527,246513,4629582,83.28016482,74.52551851,952.8461769
"668",2016,"36","INDRE",122,536,457,2280,22815,83.28016482,74.52551851,952.8461769
"669",2016,"37","INDRE-ET-LOIRE",526,9609,7567,11543,301701,83.28016482,74.52551851,952.8461769
"670",2016,"38","ISERE",195,417,1877,4436,18869,83.28016482,74.52551851,952.8461769
"671",2016,"39","JURA",1357,3377,3785,2503,94637,83.28016482,74.52551851,952.8461769
"672",2016,"40","LANDES",352,1637,34498,4073,141616,83.28016482,74.52551851,952.8461769
"673",2016,"41","LOIRET",644,6390,6602,11626,274811,83.28016482,74.52551851,952.8461769
"674",2016,"42","LOIR-ET-CHER",173,985,2489,4854,45794,83.28016482,74.52551851,952.8461769
"675",2016,"43","HAUTE-GARONNE",12,12,19,134,152,83.28016482,74.52551851,952.8461769
"676",2016,"44","LOIRE",1299,11057,21529,28855,373922,83.28016482,74.52551851,952.8461769
"677",2016,"45","LOIRE-ATLANTIQUE",16,138,32,204,2695,83.28016482,74.52551851,952.8461769
"678",2016,"46","LOT",352,4812,565,15197,238975,83.28016482,74.52551851,952.8461769
"679",2016,"47","LOT-ET-GARONNE",746,5914,32322,33060,434665,83.28016482,74.52551851,952.8461769
"680",2016,"48","LOZERE",0,11,1,6,306,83.28016482,74.52551851,952.8461769
"681",2016,"49","MAINE-ET-LOIRE",988,19292,17667,26585,994976,83.28016482,74.52551851,952.8461769
"682",2016,"51","MARNE",1,23424,7,12,1592719,83.28016482,74.52551851,952.8461769
"683",2016,"52","HAUTE-LOIRE",27,104,285,284,3372,83.28016482,74.52551851,952.8461769
"684",2016,"53","MAYENNE",1,1,45,0,45,83.28016482,74.52551851,952.8461769
"685",2016,"54","MEURTHE-ET-MOSELLE",35,110,983,795,5300,83.28016482,74.52551851,952.8461769
"686",2016,"55","MEUSE",7,39,390,13,2254,83.28016482,74.52551851,952.8461769
"687",2016,"57","MOSELLE",26,98,913,128,2549,83.28016482,74.52551851,952.8461769
"688",2016,"58","NIEVRE",29,1520,134,188,55825,83.28016482,74.52551851,952.8461769
"689",2016,"59","NORD",1,1,0,3,3,83.28016482,74.52551851,952.8461769
"690",2016,"60","OISE",0,0,9,0,9,83.28016482,74.52551851,952.8461769
"691",2016,"62","PAS-DE-CALAIS",0,0,4,0,4,83.28016482,74.52551851,952.8461769
"692",2016,"63","PUY-DE-DOME",98,439,254,2090,16432,83.28016482,74.52551851,952.8461769
"693",2016,"64","PYRENEES-ATLANTIQUES",136,2493,920,2757,116627,83.28016482,74.52551851,952.8461769
"694",2016,"65","HAUTE-VIENNE",90,462,53,593,12403,83.28016482,74.52551851,952.8461769
"695",2016,"66","PYRENEES-ORIENTALES",813,25721,5544,9030,675176,83.28016482,74.52551851,952.8461769
"696",2016,"67","BAS-RHIN",19,6615,789,47,540284,83.28016482,74.52551851,952.8461769
"697",2016,"68","HAUTES-PYRENEES",32,8916,962,20,714342,83.28016482,74.52551851,952.8461769
"698",2016,"69","RHONE",303,16704,3531,19743,852145,83.28016482,74.52551851,952.8461769
"699",2016,"70","HAUTE-SAONE",1021,1243,274,258,2174,83.28016482,74.52551851,952.8461769
"700",2016,"71","SAONE-ET-LOIRE",77,12864,1972,1320,757308,83.28016482,74.52551851,952.8461769
"701",2016,"72","SARTHE",45,192,255,335,3604,83.28016482,74.52551851,952.8461769
"702",2016,"73","SAVOIE",122,1878,3369,2276,119297,83.28016482,74.52551851,952.8461769
"703",2016,"74","HAUTE-SAVOIE",87,242,3884,2131,14115,83.28016482,74.52551851,952.8461769
"704",2016,"77","SEINE-ET-MARNE",0,22,0,0,1437,83.28016482,74.52551851,952.8461769
"705",2016,"79","DEUX-SEVRES",102,804,748,2391,46296,83.28016482,74.52551851,952.8461769
"706",2016,"81","TARN",1045,6547,28574,66268,485724,83.28016482,74.52551851,952.8461769
"707",2016,"82","TARN-ET-GARONNE",283,1497,381,21993,107052,83.28016482,74.52551851,952.8461769
"708",2016,"83","VAUCLUSE",364,27934,2806,19242,1469587,83.28016482,74.52551851,952.8461769
"709",2016,"84","VENDEE",1487,50316,9783,73690,2209301,83.28016482,74.52551851,952.8461769
"710",2016,"85","VAR",243,977,1253,5412,35601,83.28016482,74.52551851,952.8461769
"711",2016,"86","VIENNE",271,1224,2858,3489,57164,83.28016482,74.52551851,952.8461769
"712",2016,"87","HAUTES-ALPES",1,7,4,4,104,83.28016482,74.52551851,952.8461769
"713",2016,"88","VOSGES",9,9,3,71,74,83.28016482,74.52551851,952.8461769
"714",2016,"89","YONNE",24,7514,170,316,206712,83.28016482,74.52551851,952.8461769
"715",2017,"01","AIN",192,750,3676,4864,29615,72.02621464,67.40621202,963.3684833
"716",2017,"02","AISNE",4,2524,159,0,152566,72.02621464,67.40621202,963.3684833
"717",2017,"03","ALLIER",45,610,199,664,15066,72.02621464,67.40621202,963.3684833
"718",2017,"04","ALPES-DE-HAUTE-PROVENCE",50,701,292,3269,33053,72.02621464,67.40621202,963.3684833
"719",2017,"05","HAUTE-MARNE",9,115,22,79,2195,72.02621464,67.40621202,963.3684833
"720",2017,"06","ALPES-MARITIMES",1,84,15,50,2094,72.02621464,67.40621202,963.3684833
"721",2017,"07","ARDECHE",495,10274,8562,6357,396604,72.02621464,67.40621202,963.3684833
"722",2017,"09","ARIEGE",7,67,9,120,1350,72.02621464,67.40621202,963.3684833
"723",2017,"10","AUBE",7,7172,101,604,493361,72.02621464,67.40621202,963.3684833
"724",2017,"11","AUDE",3065,64535,28166,138391,3147094,72.02621464,67.40621202,963.3684833
"725",2017,"12","AVEYRON",48,389,21,301,4868,72.02621464,67.40621202,963.3684833
"726",2017,"13","BOUCHES-DU-RHONE",182,11193,1527,3901,535445,72.02621464,67.40621202,963.3684833
"727",2017,"14","CALVADOS",0,5,0,0,117,72.02621464,67.40621202,963.3684833
"728",2017,"15","CANTAL",0,9,0,9,106,72.02621464,67.40621202,963.3684833
"729",2017,"16","CHARENTE",469,39337,3205,9579,3022218,72.02621464,67.40621202,963.3684833
"730",2017,"17","CHARENTE-MARITIME",854,39102,34938,24397,3840345,72.02621464,67.40621202,963.3684833
"731",2017,"18","CHER",37,4226,291,814,235991,72.02621464,67.40621202,963.3684833
"732",2017,"19","CORREZE",27,94,2,553,1101,72.02621464,67.40621202,963.3684833
"733",2017,"21","COTE-D'OR",56,9465,1053,836,468308,72.02621464,67.40621202,963.3684833
"734",2017,"24","DORDOGNE",466,11311,3237,5537,306187,72.02621464,67.40621202,963.3684833
"735",2017,"25","DOUBS",15,26,174,165,654,72.02621464,67.40621202,963.3684833
"736",2017,"26","DROME",233,15865,818,3160,582426,72.02621464,67.40621202,963.3684833
"737",2017,"28","EURE-ET-LOIR",0,0,0,0,0,72.02621464,67.40621202,963.3684833
"738",2017,"2A","CORSE-DU-SUD",86,877,390,1514,27464,72.02621464,67.40621202,963.3684833
"739",2017,"2B","HAUT-RHIN",196,5000,9297,2497,287517,72.02621464,67.40621202,963.3684833
"740",2017,"30","GARD",2212,52605,18717,82808,2583611,72.02621464,67.40621202,963.3684833
"741",2017,"31","HAUTE-CORSE",117,1359,164,2795,47853,72.02621464,67.40621202,963.3684833
"742",2017,"32","GERS",3339,18477,343950,40693,1661986,72.02621464,67.40621202,963.3684833
"743",2017,"33","GIRONDE",1589,114554,6426,28059,3638261,72.02621464,67.40621202,963.3684833
"744",2017,"34","HERAULT",4018,80841,47250,145364,4036480,72.02621464,67.40621202,963.3684833
"745",2017,"36","INDRE",139,546,342,2397,20865,72.02621464,67.40621202,963.3684833
"746",2017,"37","INDRE-ET-LOIRE",521,9735,8977,17229,446145,72.02621464,67.40621202,963.3684833
"747",2017,"38","ISERE",90,325,965,2767,13045,72.02621464,67.40621202,963.3684833
"748",2017,"39","JURA",125,2086,1295,1493,46264,72.02621464,67.40621202,963.3684833
"749",2017,"40","LANDES",279,1570,21833,1839,112077,72.02621464,67.40621202,963.3684833
"750",2017,"41","LOIRET",670,6386,8422,11996,220696,72.02621464,67.40621202,963.3684833
"751",2017,"42","LOIR-ET-CHER",120,953,1452,2546,33301,72.02621464,67.40621202,963.3684833
"752",2017,"43","HAUTE-GARONNE",6,6,8,62,70,72.02621464,67.40621202,963.3684833
"753",2017,"44","LOIRE",1404,11037,27686,34630,418930,72.02621464,67.40621202,963.3684833
"754",2017,"45","LOIRE-ATLANTIQUE",17,138,39,260,2964,72.02621464,67.40621202,963.3684833
"755",2017,"46","LOT",343,4875,371,5764,115195,72.02621464,67.40621202,963.3684833
"756",2017,"47","LOT-ET-GARONNE",591,5982,17567,12223,312750,72.02621464,67.40621202,963.3684833
"757",2017,"48","LOZERE",0,9,2,5,154,72.02621464,67.40621202,963.3684833
"758",2017,"49","MAINE-ET-LOIRE",918,19369,15166,21356,905311,72.02621464,67.40621202,963.3684833
"759",2017,"51","MARNE",0,24101,5,8,1591874,72.02621464,67.40621202,963.3684833
"760",2017,"52","HAUTE-LOIRE",17,98,529,364,6909,72.02621464,67.40621202,963.3684833
"761",2017,"53","MAYENNE",1,1,49,7,58,72.02621464,67.40621202,963.3684833
"762",2017,"54","MEURTHE-ET-MOSELLE",25,116,308,587,3540,72.02621464,67.40621202,963.3684833
"763",2017,"55","MEUSE",8,41,293,91,2009,72.02621464,67.40621202,963.3684833
"764",2017,"57","MOSELLE",28,78,1033,186,2948,72.02621464,67.40621202,963.3684833
"765",2017,"58","NIEVRE",29,1528,305,575,74003,72.02621464,67.40621202,963.3684833
"766",2017,"59","NORD",1,1,12,28,40,72.02621464,67.40621202,963.3684833
"767",2017,"60","OISE",0,0,12,0,12,72.02621464,67.40621202,963.3684833
"768",2017,"62","PAS-DE-CALAIS",0,0,7,0,7,72.02621464,67.40621202,963.3684833
"769",2017,"63","PUY-DE-DOME",86,438,181,1365,10297,72.02621464,67.40621202,963.3684833
"770",2017,"64","PYRENEES-ATLANTIQUES",86,2500,540,3088,102683,72.02621464,67.40621202,963.3684833
"771",2017,"65","HAUTE-VIENNE",20,251,51,420,11238,72.02621464,67.40621202,963.3684833
"772",2017,"66","PYRENEES-ORIENTALES",819,21438,6976,11966,672812,72.02621464,67.40621202,963.3684833
"773",2017,"67","BAS-RHIN",21,6698,942,77,439855,72.02621464,67.40621202,963.3684833
"774",2017,"68","HAUTES-PYRENEES",18,8987,717,35,484952,72.02621464,67.40621202,963.3684833
"775",2017,"69","RHONE",312,16237,1850,10307,675981,72.02621464,67.40621202,963.3684833
"776",2017,"70","HAUTE-SAONE",25,104,236,386,2882,72.02621464,67.40621202,963.3684833
"777",2017,"71","SAONE-ET-LOIRE",102,12991,1845,1025,721150,72.02621464,67.40621202,963.3684833
"778",2017,"72","SARTHE",47,198,676,679,6356,72.02621464,67.40621202,963.3684833
"779",2017,"73","SAVOIE",83,1850,1933,1265,97482,72.02621464,67.40621202,963.3684833
"780",2017,"74","HAUTE-SAVOIE",83,240,1745,1276,8391,72.02621464,67.40621202,963.3684833
"781",2017,"76","SEINE-MARITIME",1,1,16,0,16,72.02621464,67.40621202,963.3684833
"782",2017,"77","SEINE-ET-MARNE",0,27,0,0,1361,72.02621464,67.40621202,963.3684833
"783",2017,"79","DEUX-SEVRES",84,810,790,2342,41060,72.02621464,67.40621202,963.3684833
"784",2017,"81","TARN",850,6561,15725,37719,363923,72.02621464,67.40621202,963.3684833
"785",2017,"82","TARN-ET-GARONNE",228,1474,188,6353,61639,72.02621464,67.40621202,963.3684833
"786",2017,"83","VAUCLUSE",319,28111,1341,11372,1211490,72.02621464,67.40621202,963.3684833
"787",2017,"84","VENDEE",1350,45749,2532,24074,1542437,72.02621464,67.40621202,963.3684833
"788",2017,"85","VAR",188,950,1710,5262,44973,72.02621464,67.40621202,963.3684833
"789",2017,"86","VIENNE",208,1187,1041,4271,50445,72.02621464,67.40621202,963.3684833
"790",2017,"87","HAUTES-ALPES",1,7,3,1,35,72.02621464,67.40621202,963.3684833
"791",2017,"88","VOSGES",7,7,1,181,182,72.02621464,67.40621202,963.3684833
"792",2017,"89","YONNE",34,7683,306,695,348234,72.02621464,67.40621202,963.3684833
"793",2017,"90","TERRITOIRE DE BELFORT",0,0,0,20,20,72.02621464,67.40621202,963.3684833
"794",2018,"01","AIN",180,735,5039,8689,47265,NA,NA,NA
"795",2018,"02","AISNE",5,2491,411,0,247008,NA,NA,NA
"796",2018,"03","ALLIER",31,598,604,640,30854,NA,NA,NA
"797",2018,"04","ALPES-DE-HAUTE-PROVENCE",53,695,398,2518,38342,NA,NA,NA
"798",2018,"05","HAUTE-MARNE",3,112,73,26,5477,NA,NA,NA
"799",2018,"06","ALPES-MARITIMES",0,78,0,2,1934,NA,NA,NA
"800",2018,"07","ARDECHE",483,10232,14078,11098,562660,NA,NA,NA
"801",2018,"09","ARIEGE",4,64,5,42,1176,NA,NA,NA
"802",2018,"10","AUBE",0,7166,4,0,727922,NA,NA,NA
"803",2018,"11","AUDE",3284,64220,48691,193088,3559336,NA,NA,NA
"804",2018,"12","AVEYRON",37,401,70,740,14306,NA,NA,NA
"805",2018,"13","BOUCHES-DU-RHONE",203,10595,1907,9605,675627,NA,NA,NA
"806",2018,"14","CALVADOS",0,7,4,0,224,NA,NA,NA
"807",2018,"15","CANTAL",0,9,5,0,309,NA,NA,NA
"808",2018,"16","CHARENTE",436,39986,16459,12282,5098505,NA,NA,NA
"809",2018,"17","CHARENTE-MARITIME",809,39784,57680,23591,4834859,NA,NA,NA
"810",2018,"18","CHER",26,4285,531,972,274502,NA,NA,NA
"811",2018,"19","CORREZE",6,74,9,200,2768,NA,NA,NA
"812",2018,"21","COTE-D'OR",54,9520,1321,1077,514039,NA,NA,NA
"813",2018,"23","CREUSE",1,1,5,8,13,NA,NA,NA
"814",2018,"24","DORDOGNE",437,11110,11522,14748,550186,NA,NA,NA
"815",2018,"25","DOUBS",5,16,184,42,659,NA,NA,NA
"816",2018,"26","DROME",245,15914,1691,4118,710477,NA,NA,NA
"817",2018,"2A","CORSE-DU-SUD",106,905,972,3376,36827,NA,NA,NA
"818",2018,"2B","HAUT-RHIN",213,4979,9151,9443,337822,NA,NA,NA
"819",2018,"30","GARD",2657,52994,36938,218005,3320289,NA,NA,NA
"820",2018,"31","HAUTE-CORSE",49,1324,214,2061,68633,NA,NA,NA
"821",2018,"32","GERS",3904,18953,552495,30316,1931310,NA,NA,NA
"822",2018,"33","GIRONDE",1727,114615,25578,89971,5533976,NA,NA,NA
"823",2018,"34","HERAULT",5154,80690,97970,361842,5059527,NA,NA,NA
"824",2018,"36","INDRE",108,535,1916,5174,35493,NA,NA,NA
"825",2018,"37","INDRE-ET-LOIRE",601,9687,19209,34738,580445,NA,NA,NA
"826",2018,"38","ISERE",44,285,1762,769,15959,NA,NA,NA
"827",2018,"39","JURA",63,2051,1803,1462,131555,NA,NA,NA
"828",2018,"40","LANDES",314,1604,36164,1631,131363,NA,NA,NA
"829",2018,"41","LOIRET",953,6527,31997,35686,422727,NA,NA,NA
"830",2018,"42","LOIR-ET-CHER",87,948,1928,2588,45623,NA,NA,NA
"831",2018,"43","HAUTE-GARONNE",2,2,9,23,31,NA,NA,NA
"832",2018,"44","LOIRE",1862,10815,162627,76592,837495,NA,NA,NA
"833",2018,"45","LOIRE-ATLANTIQUE",15,116,94,470,5153,NA,NA,NA
"834",2018,"46","LOT",294,4847,739,17999,283593,NA,NA,NA
"835",2018,"47","LOT-ET-GARONNE",616,5924,35312,21304,375327,NA,NA,NA
"836",2018,"48","LOZERE",1,10,11,3,264,NA,NA,NA
"837",2018,"49","MAINE-ET-LOIRE",1183,19459,45207,65668,1271333,NA,NA,NA
"838",2018,"51","MARNE",0,23824,0,0,2469965,NA,NA,NA
"839",2018,"52","HAUTE-LOIRE",13,90,792,119,8211,NA,NA,NA
"840",2018,"53","MAYENNE",1,1,34,9,43,NA,NA,NA
"841",2018,"54","MEURTHE-ET-MOSELLE",31,109,874,1269,6501,NA,NA,NA
"842",2018,"55","MEUSE",12,41,813,417,3054,NA,NA,NA
"843",2018,"57","MOSELLE",45,96,1751,346,4015,NA,NA,NA
"844",2018,"58","NIEVRE",12,1532,196,321,95992,NA,NA,NA
"845",2018,"62","PAS-DE-CALAIS",0,0,7,0,8,NA,NA,NA
"846",2018,"63","PUY-DE-DOME",55,405,363,1604,18726,NA,NA,NA
"847",2018,"64","PYRENEES-ATLANTIQUES",79,2499,735,1963,100882,NA,NA,NA
"848",2018,"65","HAUTE-VIENNE",10,237,4,93,10165,NA,NA,NA
"849",2018,"66","PYRENEES-ORIENTALES",948,21084,7787,18070,744234,NA,NA,NA
"850",2018,"67","BAS-RHIN",14,6719,1033,165,573858,NA,NA,NA
"851",2018,"68","HAUTES-PYRENEES",16,8994,1335,126,749397,NA,NA,NA
"852",2018,"69","RHONE",373,16042,4659,24764,986163,NA,NA,NA
"853",2018,"70","HAUTE-SAONE",10,86,279,512,4805,NA,NA,NA
"854",2018,"71","SAONE-ET-LOIRE",82,13015,3087,1385,873413,NA,NA,NA
"855",2018,"72","SARTHE",34,189,524,799,8193,NA,NA,NA
"856",2018,"73","SAVOIE",123,1945,5948,2381,133420,NA,NA,NA
"857",2018,"74","HAUTE-SAVOIE",75,234,3409,2176,12448,NA,NA,NA
"858",2018,"77","SEINE-ET-MARNE",0,30,0,0,3084,NA,NA,NA
"859",2018,"79","DEUX-SEVRES",28,763,1210,847,52520,NA,NA,NA
"860",2018,"81","TARN",807,6489,17830,45732,444830,NA,NA,NA
"861",2018,"82","TARN-ET-GARONNE",176,1480,558,9352,89702,NA,NA,NA
"862",2018,"83","VAUCLUSE",333,27835,1377,12010,1276429,NA,NA,NA
"863",2018,"84","VENDEE",1124,45905,8496,28171,1858920,NA,NA,NA
"864",2018,"85","VAR",102,924,3101,4483,57581,NA,NA,NA
"865",2018,"86","VIENNE",142,1110,3069,3286,72428,NA,NA,NA
"866",2018,"87","HAUTES-ALPES",1,6,13,1,241,NA,NA,NA
"867",2018,"88","VOSGES",5,5,0,292,292,NA,NA,NA
"868",2018,"89","YONNE",34,7763,1015,1069,588524,NA,NA,NA
"869",2018,"95","VAL-DE-MARNE",0,0,2,0,2,NA,NA,NA
