"","annee","ndep","departement","s_vin_simple","s_total","q_blanc","q_rouge","q_total","qk_prod","ql_prod","prix_vin_rouge_sans_IG","prix_vin_blanc_sans_IG","revenu.déflaté","ref","IP"
"1",2012,"01","AIN",304,864,3489,9020,37703,120792.2,107052.4,57.78598753,57.90157163,21480.7281602766,723248.19093767,1
"2",2012,"02","AISNE",7,2449,170,10,123781,379615.1,303450.2,57.78598753,57.90157163,18067.3243160785,10421.1270524,1
"3",2012,"03","ALLIER",137,697,537,2548,23492,36965.7,90015.4,57.78598753,57.90157163,18805.7561273263,178331.84019175,1
"4",2012,"04","ALPES-DE-HAUTE-PROVENCE",95,697,350,6421,40890,68981,30656,57.78598753,57.90157163,18974.8805044239,391309.37600063,1
"5",2012,"05","HAUTES-ALPES",25,110,53,290,3417,32691.7,10990.4,57.78598753,57.90157163,19168.8192820096,19826.71968009,1
"6",2012,"06","ALPES-MARITIMES",18,96,12,329,2403,22650.2,6249.8,57.78598753,57.90157163,20504.6272755009,19706.40875693,1
"7",2012,"07","ARDECHE",608,10489,10293,14594,550751,142657.1,30858.1,57.78598753,57.90157163,18980.2705176447,1439309.57880041,1
"8",2012,"08","ARDENNES",1,1,9,9,18,42969.6,53342.8,57.78598753,57.90157163,17921.8956574799,1041.18803244,1
"9",2012,"09","ARIEGE",152,200,0,325,2093,8503.6,17411.9,57.78598753,57.90157163,18391.1319027764,18780.44594725,1
"10",2012,"10","AUBE",25,7018,204,574,404345,683097.2,642478.1,57.78598753,57.90157163,19010.7800264416,44981.07745474,1
"11",2012,"11","AUDE",3695,64435,32598,174278,3533977,1406180,375675.8,57.78598753,57.90157163,17523.3397742296,11958301.7667481,1
"12",2012,"12","AVEYRON",310,622,188,4953,17387,38764.4,45781,57.78598753,57.90157163,18987.4911013933,297099.49170253,1
"13",2012,"13","BOUCHES-DU-RHONE",276,10051,1779,11980,548726,646659.9,128478.9,57.78598753,57.90157163,19754.6018509102,795283.02653917,1
"14",2012,"15","CANTAL",3,11,5,64,296,1868.2,16795.4,57.78598753,57.90157163,18523.3397742296,3987.81106007,1
"15",2012,"16","CHARENTE",1035,39024,20456,35778,3739176,1542720.4,458350.9,57.78598753,57.90157163,19075.460185091,3251901.61111162,1
"16",2012,"17","CHARENTE-MARITIME",1469,38785,68623,46133,3999281,893264.6,427477.4,57.78598753,57.90157163,19469.1345469338,6639220.51268698,1
"17",2012,"18","CHER",125,4085,403,1664,217078,353973.9,260053,57.78598753,57.90157163,19296.0439336927,119490.21661681,1
"18",2012,"19","CORREZE",136,205,8,2824,4749,87944.8,17923.3,57.78598753,57.90157163,19200.650869521,163650.84135776,1
"19",2012,"21","COTE-D'OR",67,9484,552,1081,295199,599501.8,426669.2,57.78598753,57.90157163,20809.5189667446,94428.32005969,1
"20",2012,"24","DORDOGNE",847,12086,3937,18182,542002,298010.2,109205.5,57.78598753,57.90157163,18574.5957490084,1278623.31277777,1
"21",2012,"25","DOUBS",17,36,201,254,690,4745.2,35540.9,57.78598753,57.90157163,20570.2227194142,26315.85673025,1
"22",2012,"26","DROME",231,16262,566,6006,734766,568493.4,133247.5,57.78598753,57.90157163,19252.2119393878,379834.93064776,1
"23",2012,"28","EURE-ET-LOIR",1,1,0,3,3,122925.3,177271.2,57.78598753,57.90157163,20654.937455507,173.35796259,1
"24",2012,"30","GARD",3037,52666,41047,196850,3270564,1490700.3,330375.5,57.78598753,57.90157163,18326.0449506763,13751857.4559771,1
"25",2012,"31","HAUTE-GARONNE",188,1642,154,6145,86057,266683.2,241767.9,57.78598753,57.90157163,21839.4182853656,364011.73540287,1
"26",2012,"32","GERS",3216,18264,316535,55540,1703299,1259488.4,266706.4,57.78598753,57.90157163,19390.6234109631,21537307.7233182,1
"27",2012,"33","GIRONDE",2352,115348,12408,168344,5622317,4122377.1,1172228,57.78598753,57.90157163,20734.2621783789,10446366.9855354,1
"28",2012,"34","HERAULT",6580,80807,43883,362016,4792334,2088113.7,622689.2,57.78598753,57.90157163,18724.1940404759,23460346.7294998,1
"29",2012,"36","INDRE",292,669,747,3290,18876,59159.2,219600.4,57.78598753,57.90157163,18740.5674768636,233368.37298131,1
"30",2012,"37","INDRE-ET-LOIRE",736,10012,4711,13026,380340,979007.4,379653.1,57.78598753,57.90157163,20290.8573171972,1025494.57751471,1
"31",2012,"38","ISERE",325,582,1814,7234,21479,122906.3,52124.5,57.78598753,57.90157163,21178.3789280993,523057.28472884,1
"32",2012,"39","JURA",184,2192,2277,2024,74692,67423,48527.2,57.78598753,57.90157163,19763.551306824,248800.71736223,1
"33",2012,"40","LANDES",310,1798,15754,4359,121006,132033.2,135841.6,57.78598753,57.90157163,19926.7771788874,1164070.47910229,1
"34",2012,"41","LOIR-ET-CHER",1008,6905,6227,11903,209042,120339,115978.2,57.78598753,57.90157163,19895.0472897386,1048379.6961096,1
"35",2012,"42","LOIRE",220,1044,2130,5845,36966,47552.5,31133.8,57.78598753,57.90157163,19186.6164954744,461089.44468475,1
"36",2012,"43","HAUTE-LOIRE",40,40,16,565,581,1858.5,29057,57.78598753,57.90157163,19175.7347706702,33575.50810053,1
"37",2012,"44","LOIRE-ATLANTIQUE",1510,12318,24597,31405,376580,515938.3,230680,57.78598753,57.90157163,20709.6511746161,3238973.89576276,1
"38",2012,"45","LOIRET",21,225,78,394,4673,90456.8,85446.6,57.78598753,57.90157163,20666.8361639378,27284.00167396,1
"39",2012,"46","LOT",753,5090,130,36942,247952,132114.8,59884.1,57.78598753,57.90157163,19106.8849791518,2142257.15564516,1
"40",2012,"47","LOT-ET-GARONNE",766,6208,19965,27552,360084,829300,239941,57.78598753,57.90157163,18440.0488152141,2748124.40601951,1
"41",2012,"48","LOZERE",5,5,0,41,303,918.7,5368.6,57.78598753,57.90157163,18647.9202684837,2369.22548873,1
"42",2012,"49","MAINE-ET-LOIRE",1062,19520,12972,21129,845049,749901.9,339967.8,57.78598753,57.90157163,19339.6725312722,1972059.31770573,1
"43",2012,"51","MARNE",5,23499,61,35,1478365,2030675,914705.9,57.78598753,57.90157163,20082.0705786637,5554.50543298,1
"44",2012,"52","HAUTE-MARNE",26,101,218,373,4013,4415.8,125749.1,57.78598753,57.90157163,18489.4742194651,34176.71596403,1
"45",2012,"53","MAYENNE",1,1,19,12,31,13531.4,72723,57.78598753,57.90157163,19108.1053595037,1793.56171133,1
"46",2012,"54","MEURTHE-ET-MOSELLE",95,149,216,680,2382,21352.4,102155.5,57.78598753,57.90157163,19952.6085630021,51801.21099248,1
"47",2012,"55","MEUSE",7,38,198,22,1023,16149.2,155071.4,57.78598753,57.90157163,18924.0313230957,12735.8029084,1
"48",2012,"57","MOSELLE",35,57,75,164,742,18643.7,140895.7,57.78598753,57.90157163,19825.383911319,13819.51982717,1
"49",2012,"58","NIEVRE",74,1500,413,903,84107,5579.2,9284.4,57.78598753,57.90157163,18726.0246110038,76094.09582278,1
"50",2012,"59","NORD",1,1,12,7,19,190467.7,87419.1,57.78598753,57.90157163,18357.2663480118,1099.32077227,1
"51",2012,"63","PUY-DE-DOME",224,565,229,5656,18841,30181.4,55697.7,57.78598753,57.90157163,20355.130682396,340097.00537295,1
"52",2012,"64","PYRENEES-ATLANTIQUES",143,2495,679,4336,107939,191436.2,110847.7,57.78598753,57.90157163,20489.3725211024,289875.20906685,1
"53",2012,"65","HAUTES-PYRENEES",124,364,205,2984,11336,32059.1,25393,57.78598753,57.90157163,19206.0408827418,184303.20897367,1
"54",2012,"66","PYRENEES-ORIENTALES",842,23866,12163,20375,710081,1357352.8,199210.4,57.78598753,57.90157163,17819.5871046476,1881646.31165944,1
"55",2012,"67","BAS-RHIN",56,6628,2628,183,506830,183259.5,87153.3,57.78598753,57.90157163,21542.0522729584,162740.16596163,1
"56",2012,"68","HAUT-RHIN",24,8954,1355,116,663088,383875.1,212348.9,57.78598753,57.90157163,21847.5541543781,85159.80411213,1
"57",2012,"69","RHONE",313,17515,1758,5640,570831,511421.2,178813.9,57.78598753,57.90157163,21309.1630224753,427703.93259474,1
"58",2012,"70","HAUTE-SAONE",36,117,197,409,2246,14768.5,85267.2,57.78598753,57.90157163,18822.3329604393,35041.07851088,1
"59",2012,"71","SAONE-ET-LOIRE",111,12953,1523,1541,613693,427529.4,250186.6,57.78598753,57.90157163,19130.7840943761,177232.30037622,1
"60",2012,"72","SARTHE",105,252,375,799,4375,154762.2,117613.5,57.78598753,57.90157163,19426.4212346181,67884.09339772,1
"61",2012,"73","SAVOIE",155,1968,2380,3290,111299,127756.6,25726.4,57.78598753,57.90157163,21249.3643852334,327921.6394531,1
"62",2012,"74","HAUTE-SAVOIE",130,279,5653,2764,14442,33568.9,8741.1,57.78598753,57.90157163,24059.7986372419,487038.05395731,1
"63",2012,"79","DEUX-SEVRES",290,1021,689,7262,45444,622248,219353,57.78598753,57.90157163,19138.3097732127,459536.02429593,1
"64",2012,"81","TARN",1125,6664,26786,52300,417492,221535.9,116943.8,57.78598753,57.90157163,19018.2040069155,4573158.64550018,1
"65",2012,"82","TARN-ET-GARONNE",458,1631,495,17858,87579,444399.4,123993.1,57.78598753,57.90157163,18711.2783484186,1060603.44326759,1
"66",2012,"83","VAR",466,28161,1382,20072,1268604,981030,145844.9,57.78598753,57.90157163,19944.065900539,1239900.31369482,1
"67",2012,"84","VAUCLUSE",1693,46890,20226,50375,1955689,2388920.3,429266.4,57.78598753,57.90157163,18313.2309569816,4082086.30961213,1
"68",2012,"85","VENDEE",692,1457,2539,18389,45866,68246.1,121590,57.78598753,57.90157163,19510.220685447,1209638.61505774,1
"69",2012,"86","VIENNE",587,1614,1293,9619,58962,74862.2,204967.9,57.78598753,57.90157163,19531.8824366928,630710.14616866,1
"70",2012,"87","HAUTE-VIENNE",2,7,0,22,280,6241.7,19190.6,57.78598753,57.90157163,19442.6929726431,1271.29172566,1
"71",2012,"88","VOSGES",81,81,18,405,423,4726.2,25378,57.78598753,57.90157163,18715.5496796502,24445.55323899,1
"72",2012,"89","YONNE",61,7150,472,1238,381125,300285.1,252618.6,57.78598753,57.90157163,19403.5391030204,98868.5943715,1
"73",2012,"90","TERRITOIRE DE BELFORT",1,1,3,0,9,942.9,1250.9,57.78598753,57.90157163,20038.6453778094,173.70471489,1
"74",2013,"01","AIN",242,803,3857,8692,38559,442356.9,247136.8,64.65650726,73.9380974,21639.0091632263,723248.19093767,1.17134562296987
"75",2013,"02","AISNE",7,2474,423,17,219627,619491.9,344195.2,64.65650726,73.9380974,18427.1473164837,10421.1270524,3.1066674133067
"76",2013,"03","ALLIER",125,685,436,2094,20032,40736.6,95977.1,64.65650726,73.9380974,19097.976034639,178331.84019175,0.939976487028898
"77",2013,"04","ALPES-DE-HAUTE-PROVENCE",106,711,424,4353,36266,99854,47148.3,64.65650726,73.9380974,19135.3338032424,391309.37600063,0.799366303453655
"78",2013,"05","HAUTES-ALPES",41,144,62,340,5455,75874.5,19127.7,64.65650726,73.9380974,19332.3935152553,19826.71968009,1.339978318949
"79",2013,"06","ALPES-MARITIMES",44,125,14,223,1879,22418.1,10272.9,64.65650726,73.9380974,20449.8036451515,19706.40875693,0.78418826449774
"80",2013,"07","ARDECHE",617,10405,12905,10617,517896,168072.3,35493.8,64.65650726,73.9380974,19287.0808579196,1439309.57880041,1.13987241430978
"81",2013,"08","ARDENNES",1,1,12,6,18,27558.8,59141.1,64.65650726,73.9380974,18297.2510321216,1041.18803244,1.22475112336012
"82",2013,"09","ARIEGE",139,161,78,476,1251,7055.5,26116.7,64.65650726,73.9380974,18651.2939281039,18780.44594725,1.94583606563991
"83",2013,"10","AUBE",23,7088,272,617,554229,836981.2,636220.3,64.65650726,73.9380974,19253.5494914913,44981.07745474,1.33398822054888
"84",2013,"11","AUDE",5277,65614,73258,302029,3892421,1641172.5,795361.2,64.65650726,73.9380974,17775.9540831739,11958301.7667481,2.08597323074104
"85",2013,"12","AVEYRON",240,556,153,3741,13423,53085.6,73447,64.65650726,73.9380974,19266.9418991038,297099.49170253,0.852214593538814
"86",2013,"13","BOUCHES-DU-RHONE",252,10001,4366,6140,507832,414238.1,116059.6,64.65650726,73.9380974,19921.7601450005,795283.02653917,0.905092481298352
"87",2013,"14","CALVADOS",1,6,1,0,168,21787.3,44202,64.65650726,73.9380974,19987.9166247105,NA,NA
"88",2013,"15","CANTAL",3,11,0,55,219,1925.5,17221,64.65650726,73.9380974,18840.7008357668,3987.81106007,0.891744329340813
"89",2013,"16","CHARENTE",840,39058,6217,22262,3907256,1931370.1,630428.9,64.65650726,73.9380974,19399.1541637297,3251901.61111162,0.5839833252239
"90",2013,"17","CHARENTE-MARITIME",1232,38705,22809,24177,3979850,1050762.7,515985.2,64.65650726,73.9380974,19767.3950256772,6639220.51268698,0.489463248496086
"91",2013,"18","CHER",105,4114,527,1834,229513,367307.8,93038.4,64.65650726,73.9380974,19575.7728325446,119490.21661681,1.31847958858312
"92",2013,"19","CORREZE",117,179,35,1545,3530,96633.8,21743.2,64.65650726,73.9380974,19480.0120833753,163650.84135776,0.626224321704903
"93",2013,"21","COTE-D'OR",77,9407,366,879,356391,637075.6,433448.5,64.65650726,73.9380974,21000.2013895882,94428.32005969,0.888445473528584
"94",2013,"24","DORDOGNE",735,11899,4552,9717,389812,344731,126351.8,64.65650726,73.9380974,18886.0134931024,1278623.31277777,0.754587759168999
"95",2013,"25","DOUBS",19,36,191,224,768,6072.1,53161.2,64.65650726,73.9380974,20787.3325949048,26315.85673025,1.08699612263652
"96",2013,"26","DROME",480,16263,503,4715,627229,783787.4,157868.1,64.65650726,73.9380974,19526.0296042695,379834.93064776,0.900513004793381
"97",2013,"28","EURE-ET-LOIR",1,1,0,9,9,87425.5,170272.6,64.65650726,73.9380974,20859.4300674655,173.35796259,3.35668784200148
"98",2013,"30","GARD",2886,53011,27147,182591,3197642,2191564.1,462626,64.65650726,73.9380974,18547.4775954083,13751857.4559771,1.0044384106981
"99",2013,"31","HAUTE-GARONNE",180,1596,194,3637,56950,92119.7,113524.5,64.65650726,73.9380974,21942.9060517571,364011.73540287,0.685416659779076
"100",2013,"32","GERS",1881,18278,124568,17902,1283269,1251186.3,326078.9,64.65650726,73.9380974,19622.6966065854,21537307.7233182,0.481388010195285
"101",2013,"33","GIRONDE",1585,115416,8884,36135,3964661,4996688.4,1536180.8,64.65650726,73.9380974,20945.0206424328,10446366.9855354,0.286533007244174
"102",2013,"34","HERAULT",8400,80918,148947,679217,5716091,2213466.9,817616.9,64.65650726,73.9380974,18895.0760245695,23460346.7294998,2.34134036117992
"103",2013,"36","INDRE",188,557,1470,4877,27399,80474.2,299838.2,64.65650726,73.9380974,19058.1008961837,233368.37298131,1.81695053047732
"104",2013,"37","INDRE-ET-LOIRE",627,9937,10699,18920,418541,517324.8,437901.7,64.65650726,73.9380974,20544.4567515859,1025494.57751471,1.96428617528493
"105",2013,"38","ISERE",309,610,1414,3909,15905,157289.3,46394.3,64.65650726,73.9380974,21360.6887523915,523057.28472884,0.683081503755682
"106",2013,"39","JURA",168,2105,1907,1580,58288,88338.4,58237.6,64.65650726,73.9380974,20058.9064545363,248800.71736223,0.977317251294683
"107",2013,"40","LANDES",238,1671,6394,2415,90718,178693.8,152478.6,64.65650726,73.9380974,20163.7297351727,1164070.47910229,0.540264246107762
"108",2013,"41","LOIR-ET-CHER",743,6552,11237,22300,345089,523674.8,160757.1,64.65650726,73.9380974,20129.8962843621,1048379.6961096,2.16780477608964
"109",2013,"42","LOIRE",169,924,1098,3414,28306,55465.3,32277.1,64.65650726,73.9380974,19451.5154566509,461089.44468475,0.654799953048732
"110",2013,"43","HAUTE-LOIRE",37,37,29,486,515,2022.2,30942.2,64.65650726,73.9380974,19341.7581311046,33575.50810053,0.999754560748706
"111",2013,"44","LOIRE-ATLANTIQUE",1319,11967,40556,44821,642999,576023.7,272352.4,64.65650726,73.9380974,20941.1942402578,3238973.89576276,1.8205156879371
"112",2013,"45","LOIRET",23,203,109,602,5771,87337.8,89540.7,64.65650726,73.9380974,20821.2667405095,27284.00167396,1.72197870930203
"113",2013,"46","LOT",611,5055,130,12051,146451,245181.4,75099.1,64.65650726,73.9380974,19396.0326251133,2142257.15564516,0.368203938343112
"114",2013,"47","LOT-ET-GARONNE",612,6241,6287,14099,279431,1157820.2,317626.8,64.65650726,73.9380974,18747.3567616554,2748124.40601951,0.500865576244501
"115",2013,"48","LOZERE",2,11,21,221,461,1017,6336.5,64.65650726,73.9380974,18918.7393011781,2369.22548873,6.68648392701188
"116",2013,"49","MAINE-ET-LOIRE",1050,19540,21356,28128,994432,781541.9,329184.5,64.65650726,73.9380974,19614.9431074413,1972059.31770573,1.72290975924421
"117",2013,"51","MARNE",5,23945,75,60,2043341,1918995.6,980459.5,64.65650726,73.9380974,20293.1225455644,5554.50543298,1.69677532128069
"118",2013,"52","HAUTE-MARNE",37,105,603,664,5798,3354.7,102303.9,64.65650726,73.9380974,18847.9508609405,34176.71596403,2.56070810445769
"119",2013,"53","MAYENNE",2,2,49,32,81,12166.3,88857.6,64.65650726,73.9380974,19429.0605175712,1793.56171133,3.17355960988884
"120",2013,"54","MEURTHE-ET-MOSELLE",207,274,462,1050,3901,17936.7,108543.8,64.65650726,73.9380974,20346.3900916323,51801.21099248,1.97000671734517
"121",2013,"55","MEUSE",17,48,309,78,1903,19088.7,166383.3,64.65650726,73.9380974,19283.757929715,12735.8029084,2.18989567155479
"122",2013,"57","MOSELLE",39,70,648,870,2690,14887.1,150503.6,64.65650726,73.9380974,20289.2961433894,13819.51982717,7.53738550500208
"123",2013,"58","NIEVRE",53,1666,398,1046,81397,6384.4,8170.8,64.65650726,73.9380974,19102.8093847548,76094.09582278,1.27550065888429
"124",2013,"59","NORD",1,1,15,20,35,273160.8,109635.1,64.65650726,73.9380974,18703.7559158192,1099.32077227,2.18516893958045
"125",2013,"60","OISE",1,1,3,1,4,70268.5,273125.5,64.65650726,73.9380974,20776.054777968,NA,NA
"126",2013,"61","ORNE",1,1,0,5,5,73575.1,88588,64.65650726,73.9380974,18813.8153257477,NA,NA
"127",2013,"63","PUY-DE-DOME",290,635,208,4710,16934,29022.1,54767.5,64.65650726,73.9380974,20632.9674755815,340097.00537295,0.940647134199214
"128",2013,"64","PYRENEES-ATLANTIQUES",283,2649,410,1920,78026,241973.2,139381.5,64.65650726,73.9380974,20652.5022656329,289875.20906685,0.532833126262895
"129",2013,"65","HAUTES-PYRENEES",107,341,128,1909,11529,45684.5,29196.1,64.65650726,73.9380974,19493.8072701641,184303.20897367,0.721058247257786
"130",2013,"66","PYRENEES-ORIENTALES",761,23496,16965,25764,773826,585128.1,136080,64.65650726,73.9380974,18031.1146913705,1881646.31165944,1.55192293968483
"131",2013,"67","BAS-RHIN",48,6642,2161,181,441286,169580.1,80963.9,64.65650726,73.9380974,21644.6480716947,162740.16596163,1.05372300244484
"132",2013,"68","HAUT-RHIN",22,8965,837,104,553451,398450.4,219758.6,64.65650726,73.9380974,21954.7880374585,85159.80411213,0.805667239305771
"133",2013,"69","RHONE",274,17075,1605,8083,761962,529403.6,132184.1,64.65650726,73.9380974,21414.8625516061,427703.93259474,1.49937642756541
"134",2013,"70","HAUTE-SAONE",57,118,392,814,2821,18409.6,77147.6,64.65650726,73.9380974,19125.8684925989,35041.07851088,2.32909871952427
"135",2013,"71","SAONE-ET-LOIRE",133,13181,1619,1672,642862,502879.6,195251.7,64.65650726,73.9380974,19498.0364515155,177232.30037622,1.28538341682488
"136",2013,"72","SARTHE",80,225,778,1173,7798,127973.7,129946.4,64.65650726,73.9380974,19722.7872319001,67884.09339772,1.96461226950199
"137",2013,"73","SAVOIE",111,1901,1777,3210,101940,122257.3,24291.7,64.65650726,73.9380974,21342.6643842513,327921.6394531,1.03358652374899
"138",2013,"74","HAUTE-SAVOIE",119,268,5251,1826,12843,45238,14548.8,64.65650726,73.9380974,24189.4069076629,487038.05395731,1.0395732481071
"139",2013,"79","DEUX-SEVRES",375,1045,1683,6548,47591,969496.6,370387.2,64.65650726,73.9380974,19469.6405195851,459536.02429593,1.19209071432864
"140",2013,"81","TARN",1218,6876,16486,28706,309638,209069.3,130368.7,64.65650726,73.9380974,19276.9106837177,4573158.64550018,0.672395910464996
"141",2013,"82","TARN-ET-GARONNE",423,1555,437,13965,61430,456517.9,158281.9,64.65650726,73.9380974,18818.8500654516,1060603.44326759,0.881799015820977
"142",2013,"83","VAR",459,28088,3282,20040,1358425,1053741.2,227139.4,64.65650726,73.9380974,20071.4933037962,1239900.31369482,1.24072977816493
"143",2013,"84","VAUCLUSE",1878,46924,19171,36798,1663943,2544806.6,611302.3,64.65650726,73.9380974,18507.7031517471,4082086.30961213,0.930087492385636
"144",2013,"85","VENDEE",661,1400,3287,19454,61667,64239.6,138044.8,64.65650726,73.9380974,19769.1068371765,1209638.61505774,1.2407525683348
"145",2013,"86","VIENNE",608,1513,6648,9927,69273,75756.6,338964,64.65650726,73.9380974,19790.5548283154,630710.14616866,1.79699918571175
"146",2013,"87","HAUTE-VIENNE",1,7,0,14,313,6792.6,22488.1,64.65650726,73.9380974,19627.4292619072,1271.29172566,0.712024693757889
"147",2013,"88","VOSGES",27,27,18,659,677,5086.5,28388.3,64.65650726,73.9380974,19077.7363810291,24445.55323899,1.79744445167466
"148",2013,"89","YONNE",73,7283,373,1267,294480,365374.7,247778.3,64.65650726,73.9380974,19661.6654918941,98868.5943715,1.10751756636872
"149",2014,"01","AIN",216,771,3427,9200,42031,187202.7,116059.9,70.88129316,82.30811577,21723.5511960765,723248.19093767,1.29164209675334
"150",2014,"02","AISNE",7,2499,388,15,214779,713416.7,324161.9,70.88129316,82.30811577,17984.1857671905,10421.1270524,3.16652586138083
"151",2014,"03","ALLIER",100,643,641,2771,27420,56054.3,91592.9,70.88129316,82.30811577,18642.7785006506,178331.84019175,1.39723543079581
"152",2014,"04","ALPES-DE-HAUTE-PROVENCE",87,688,469,6886,46905,85243.3,63319.7,70.88129316,82.30811577,19007.1063957562,391309.37600063,1.34597104822513
"153",2014,"05","HAUTES-ALPES",31,130,48,346,4960,74892.7,17110.6,70.88129316,82.30811577,19339.4054649184,19826.71968009,1.43622936369627
"154",2014,"06","ALPES-MARITIMES",11,85,24,318,2786,27965.6,10597.4,70.88129316,82.30811577,21062.9566609949,19706.40875693,1.24404432617581
"155",2014,"07","ARDECHE",755,10564,13946,21653,622520,162611.1,43799.9,70.88129316,82.30811577,18949.0541487339,1439309.57880041,1.8638531020948
"156",2014,"08","ARDENNES",1,1,20,5,24,40154.2,77526.7,70.88129316,82.30811577,17952.1569412471,1041.18803244,1.92142890512458
"157",2014,"09","ARIEGE",50,103,3,278,2305,10746.6,39496.1,70.88129316,82.30811577,18074.2668401561,18780.44594725,1.06237753362356
"158",2014,"10","AUBE",25,7187,358,663,648124,909456.2,679812.5,70.88129316,82.30811577,19105.1946752077,44981.07745474,1.69983929103688
"159",2014,"11","AUDE",4360,64774,42409,233365,3621870,1533689.8,777937.3,70.88129316,82.30811577,17347.6128515664,11958301.7667481,1.67513901645089
"160",2014,"12","AVEYRON",293,616,152,3971,17890,61043.5,108056.2,70.88129316,82.30811577,18842.9586627965,297099.49170253,0.98950168864559
"161",2014,"13","BOUCHES-DU-RHONE",331,10043,7865,20541,676055,483909.6,128990.1,70.88129316,82.30811577,20182.1639475528,795283.02653917,2.64475149492835
"162",2014,"14","CALVADOS",1,6,1,0,210,32041.8,58137.8,70.88129316,82.30811577,19951.956761085,NA,NA
"163",2014,"15","CANTAL",2,10,5,42,280,2616.4,23892.4,70.88129316,82.30811577,18442.5983385047,3987.81106007,0.849728043913525
"164",2014,"16","CHARENTE",801,39208,8925,25672,4307967,2973584.3,988847.1,70.88129316,82.30811577,19129.2162946652,3251901.61111162,0.785467949744528
"165",2014,"17","CHARENTE-MARITIME",1072,38742,34138,37626,4298342,1613286,629125.3,70.88129316,82.30811577,19573.6162546292,6639220.51268698,0.824918223777731
"166",2014,"18","CHER",98,4139,570,1566,251222,562565.2,424026.2,70.88129316,82.30811577,19445.5009508558,119490.21661681,1.32157874969694
"167",2014,"19","CORREZE",111,179,28,2021,4625,105696.2,30909.1,70.88129316,82.30811577,19461.5153638274,163650.84135776,0.889428490011353
"168",2014,"21","COTE-D'OR",75,9530,935,1429,420727,506113.5,490561.4,70.88129316,82.30811577,21205.0845761185,94428.32005969,1.88764828239999
"169",2014,"24","DORDOGNE",692,11722,4672,15954,524459,519871.7,227134.7,70.88129316,82.30811577,18500.650585527,1278623.31277777,1.18516818269171
"170",2014,"25","DOUBS",18,27,324,321,897,5907.3,53021.3,70.88129316,82.30811577,21088.9800820739,26315.85673025,1.87798273567248
"171",2014,"26","DROME",309,16130,852,15228,854204,676610.4,182646.4,70.88129316,82.30811577,19199.2793514163,379834.93064776,3.02633263590629
"172",2014,"28","EURE-ET-LOIR",1,1,0,6,6,170791.9,234860.6,70.88129316,82.30811577,20812.7314583125,173.35796259,2.453234640083
"173",2014,"30","GARD",3299,52804,35823,281681,3531719,2539214.4,566917.7,70.88129316,82.30811577,18304.474026624,13751857.4559771,1.66627942757443
"174",2014,"31","HAUTE-GARONNE",156,1551,286,5216,84052,89701.4,97107.9,70.88129316,82.30811577,22179.9619657692,364011.73540287,1.0803413955804
"175",2014,"32","GERS",3245,18420,256848,34824,1558565,1604813.1,391231.6,70.88129316,82.30811577,18989.090181163,21537307.7233182,1.096192958544
"176",2014,"33","GIRONDE",2024,114724,11818,133007,5642353,5690871,1760148.3,70.88129316,82.30811577,21056.9512561305,10446366.9855354,0.995602153926145
"177",2014,"34","HERAULT",6205,81033,67957,367227,4727618,1854982.7,711870.5,70.88129316,82.30811577,18870.9838854969,23460346.7294998,1.34793136824724
"178",2014,"36","INDRE",176,564,1641,4231,26601,19983,150252.1,70.88129316,82.30811577,18730.8577719948,233368.37298131,1.86386168691918
"179",2014,"37","INDRE-ET-LOIRE",577,9862,10364,18675,463793,456380,310995.7,70.88129316,82.30811577,20554.4990491442,1025494.57751471,2.12263380941384
"180",2014,"38","ISERE",273,495,2070,4763,17658,180355.2,48701.1,70.88129316,82.30811577,21419.2773496147,523057.28472884,0.971185018918772
"181",2014,"39","JURA",156,2210,2421,1979,75601,101813,65973.5,70.88129316,82.30811577,20156.1405264738,248800.71736223,1.36471482495153
"182",2014,"40","LANDES",181,1633,9143,1943,109235,188061.5,196801.8,70.88129316,82.30811577,19973.976578921,1164070.47910229,0.764786558097021
"183",2014,"41","LOIR-ET-CHER",733,6489,10355,19465,333597,799731.6,225449.2,70.88129316,82.30811577,20020.0180162146,1048379.6961096,2.12900432776448
"184",2014,"42","LOIRE",218,1192,1866,4724,38569,70523.2,34889.5,70.88129316,82.30811577,19101.1910719648,461089.44468475,1.05929593172232
"185",2014,"43","HAUTE-LOIRE",35,35,44,508,552,2894.5,38436,70.88129316,82.30811577,18734.8613752377,33575.50810053,1.18030243654107
"186",2014,"44","LOIRE-ATLANTIQUE",1657,11788,62591,47916,640470,730306.7,373566.8,70.88129316,82.30811577,21044.9404464018,3238973.89576276,2.6391368354025
"187",2014,"45","LOIRET",18,187,96,472,6399,111816.5,104232.8,70.88129316,82.30811577,20840.7566810129,27284.00167396,1.51581685046266
"188",2014,"46","LOT",686,4993,370,47657,311201,291922.7,100087.5,70.88129316,82.30811577,19019.1172054849,2142257.15564516,1.59105258767804
"189",2014,"47","LOT-ET-GARONNE",638,6040,12098,23023,358806,1329992.2,328791.2,70.88129316,82.30811577,18196.3767390652,2748124.40601951,0.956166173282581
"190",2014,"48","LOZERE",2,13,0,39,333,1155.7,9602.1,70.88129316,82.30811577,18796.917225503,2369.22548873,1.16678232881996
"191",2014,"49","MAINE-ET-LOIRE",1063,19378,22658,30297,1049359,1012842.2,484570.3,70.88129316,82.30811577,19299.3694324892,1972059.31770573,2.03463850704714
"192",2014,"51","MARNE",3,23958,75,53,2232004,1848307,1074791.9,70.88129316,82.30811577,20558.5026523871,5554.50543298,1.78770501533251
"193",2014,"52","HAUTE-MARNE",35,108,699,616,6853,4629.2,110453.6,70.88129316,82.30811577,18588.7298568712,34176.71596403,2.96097055130446
"194",2014,"53","MAYENNE",2,2,47,29,76,12460.5,100649.3,70.88129316,82.30811577,19085.1766589931,1793.56171133,3.30294681549434
"195",2014,"54","MEURTHE-ET-MOSELLE",51,196,514,867,5399,24209.4,113219.6,70.88129316,82.30811577,20316.2846561906,51801.21099248,2.00305071421135
"196",2014,"55","MEUSE",9,42,366,110,2441,20517.6,184505.9,70.88129316,82.30811577,18866.980282254,12735.8029084,2.97756748374368
"197",2014,"57","MOSELLE",96,189,1410,591,4415,15760.9,164521.5,70.88129316,82.30811577,20158.1423280953,13819.51982717,11.4291443891365
"198",2014,"58","NIEVRE",41,1543,494,1063,91087,8018.6,6313.8,70.88129316,82.30811577,18937.0433390051,76094.09582278,1.52452069460994
"199",2014,"59","NORD",1,1,23,14,37,798562.7,117025.3,70.88129316,82.30811577,18308.4776298669,1099.32077227,2.62473414469541
"200",2014,"60","OISE",1,1,2,0,2,116361.8,312380.6,70.88129316,82.30811577,20928.8359523571,NA,NA
"201",2014,"63","PUY-DE-DOME",312,797,331,4731,17948,39809.4,79565.5,70.88129316,82.30811577,20554.4990491442,340097.00537295,1.06611754449946
"202",2014,"64","PYRENEES-ATLANTIQUES",247,2588,749,2477,92427,328142.3,162762.7,70.88129316,82.30811577,20624.5621058953,289875.20906685,0.818358157059035
"203",2014,"65","HAUTES-PYRENEES",116,306,172,1786,10313,40759.5,40498,70.88129316,82.30811577,19099.1892703433,184303.20897367,0.76369253839909
"204",2014,"66","PYRENEES-ORIENTALES",1385,23640,24024,24310,826570,415912.3,161701.9,70.88129316,82.30811577,17651.8866980282,1881646.31165944,1.96662592063573
"205",2014,"67","BAS-RHIN",69,6662,2227,129,455951,163799.2,92405.6,70.88129316,82.30811577,21617.4557101391,162740.16596163,1.18252220956198
"206",2014,"68","HAUT-RHIN",25,8978,1093,68,583113,449443.5,282548.2,70.88129316,82.30811577,21923.7313582224,85159.80411213,1.11299808001777
"207",2014,"69","RHONE",297,16829,2077,10916,849496,720594.9,219592.6,70.88129316,82.30811577,21685.5169652687,427703.93259474,2.20875722806124
"208",2014,"70","HAUTE-SAONE",54,119,589,765,3733,17668.3,83923.3,70.88129316,82.30811577,18798.9190271244,35041.07851088,2.93095058201594
"209",2014,"71","SAONE-ET-LOIRE",95,12923,2523,1711,774843,392847,286732.8,70.88129316,82.30811577,19361.4252827545,177232.30037622,1.85598938786107
"210",2014,"72","SARTHE",50,182,520,826,5844,101070.7,125646.7,70.88129316,82.30811577,19559.603643279,67884.09339772,1.49295900229204
"211",2014,"73","SAVOIE",127,1898,2656,2650,106863,138471.4,27900.4,70.88129316,82.30811577,21571.4142728456,327921.6394531,1.23946008271055
"212",2014,"74","HAUTE-SAVOIE",91,249,3606,2080,12705,48691.8,19470.2,70.88129316,82.30811577,25064.5581022921,487038.05395731,0.912117957990934
"213",2014,"79","DEUX-SEVRES",226,918,720,6371,51255,975592,396023.7,70.88129316,82.30811577,19155.2397157442,459536.02429593,1.11165726965464
"214",2014,"81","TARN",1010,6576,29502,36867,397101,240873.8,126322.1,70.88129316,82.30811577,18706.8361525373,4573158.64550018,1.10239662718389
"215",2014,"82","TARN-ET-GARONNE",485,1661,316,15593,85080,601248.1,130538.1,70.88129316,82.30811577,18182.3641277149,1060603.44326759,1.06662049421782
"216",2014,"83","VAR",457,27828,2856,24360,1568625,1235467.6,280022.5,70.88129316,82.30811577,20402.3621259133,1239900.31369482,1.58217580748154
"217",2014,"84","VAUCLUSE",1792,46584,21169,100206,2403997,3040732.9,684423.4,70.88129316,82.30811577,18238.4145731158,4082086.30961213,2.16681145234446
"218",2014,"85","VENDEE",631,1336,3583,17941,56744,71561,178143.3,70.88129316,82.30811577,19585.6270643579,1209638.61505774,1.29509031861776
"219",2014,"86","VIENNE",493,1438,1846,11479,68505,67395.1,306369.4,70.88129316,82.30811577,19601.6414773296,630710.14616866,1.53095229521938
"220",2014,"87","HAUTE-VIENNE",1,7,2,16,363,10151.1,60000.8,70.88129316,82.30811577,19737.7639875888,1271.29172566,1.02157270112473
"221",2014,"88","VOSGES",31,31,12,427,439,7687.9,27217.4,70.88129316,82.30811577,18636.7730957862,24445.55323899,1.27851512555301
"222",2014,"89","YONNE",63,7430,576,1756,447947,407613.6,255519,70.88129316,82.30811577,19455.5099589631,98868.5943715,1.73843905200725
"223",2015,"01","AIN",189,758,2977,7520,39233,120796.6,117915.2,76.37153846,88.00826923,21980,723248.19093767,1.15633139107151
"224",2015,"02","AISNE",5,2441,349,8,179477,222442.3,301479.1,76.37153846,88.00826923,18104,10421.1270524,3.00599523558593
"225",2015,"03","ALLIER",86,647,548,2233,27103,41618.2,100350.8,76.37153846,88.00826923,18806,178331.84019175,1.22673649688128
"226",2015,"04","ALPES-DE-HAUTE-PROVENCE",72,674,213,4593,41733,99311.2,60223.3,76.37153846,88.00826923,19186,391309.37600063,0.944317361545089
"227",2015,"05","HAUTES-ALPES",15,116,88,233,4456,63099,17334.1,76.37153846,88.00826923,19544,19826.71968009,1.28812514452739
"228",2015,"06","ALPES-MARITIMES",6,86,7,84,2245,25700.2,8652.9,76.37153846,88.00826923,21272,19706.40875693,0.356801038787819
"229",2015,"07","ARDECHE",640,10321,8601,11671,520944,137513.2,39178.2,76.37153846,88.00826923,19096,1439309.57880041,1.14519584479362
"230",2015,"09","ARIEGE",15,67,16,412,2544,15958.2,56231.3,76.37153846,88.00826923,18224,18780.44594725,1.75039539772023
"231",2015,"10","AUBE",16,6968,204,393,514671,550581.8,671028.8,76.37153846,88.00826923,19208,44981.07745474,1.0663973442158
"232",2015,"11","AUDE",3694,67810,63675,244488,3884761,1337755.5,559378.8,76.37153846,88.00826923,17560,11958301.7667481,2.03004169920946
"233",2015,"12","AVEYRON",83,404,97,1414,14223,85149.7,91583,76.37153846,88.00826923,19094,297099.49170253,0.392212577779909
"234",2015,"13","BOUCHES-DU-RHONE",275,10151,10380,9870,622859,450059.5,128121.4,76.37153846,88.00826923,20366,795283.02653917,2.09650258281412
"235",2015,"15","CANTAL",1,8,5,23,212,1546.4,16383.5,76.37153846,88.00826923,18654,3987.81106007,0.550825176429357
"236",2015,"16","CHARENTE",732,39145,24861,24830,4789078,1450374.1,700100.5,76.37153846,88.00826923,19332,3251901.61111162,1.25596631439679
"237",2015,"17","CHARENTE-MARITIME",1122,38783,74960,42249,4862613,848488.3,594107,76.37153846,88.00826923,19798,6639220.51268698,1.47964975272399
"238",2015,"18","CHER",102,4191,286,1239,235015,303384.5,366083.5,76.37153846,88.00826923,19618,119490.21661681,1.00254819635892
"239",2015,"19","CORREZE",65,139,13,1352,3335,73851.7,30207,76.37153846,88.00826923,19696,163650.84135776,0.637933949081769
"240",2015,"21","COTE-D'OR",85,9528,1029,2332,392048,372176.9,390729.5,76.37153846,88.00826923,21416,94428.32005969,2.84510977804715
"241",2015,"24","DORDOGNE",582,11476,5145,16415,518646,370695,219080.2,76.37153846,88.00826923,18684,1278623.31277777,1.33459270760679
"242",2015,"25","DOUBS",14,22,209,194,652,5031.6,56904.1,76.37153846,88.00826923,21420,26315.85673025,1.26196943047404
"243",2015,"26","DROME",270,15995,987,8474,773637,641689.7,174877.6,76.37153846,88.00826923,19422,379834.93064776,1.93251467785821
"244",2015,"30","GARD",2802,52498,42637,222984,3369402,2257185.5,655676.1,76.37153846,88.00826923,18526,13751857.4559771,1.51121692277951
"245",2015,"31","HAUTE-GARONNE",190,1547,284,3818,78172,124661.4,185633.2,76.37153846,88.00826923,22334,364011.73540287,0.869699659411321
"246",2015,"32","GERS",2837,17711,358423,28556,1729100,527550.2,358218.3,76.37153846,88.00826923,19310,21537307.7233182,1.565889941665
"247",2015,"33","GIRONDE",1923,113645,11498,115409,5672267,3936737.5,1765786,76.37153846,88.00826923,21250,10446366.9855354,0.940602792850582
"248",2015,"34","HERAULT",6171,81124,119405,426007,5552878,2076146.1,873184.2,76.37153846,88.00826923,19098,23460346.7294998,1.83473150965894
"249",2015,"36","INDRE",171,557,1105,3226,22852,75957.1,232880.3,76.37153846,88.00826923,18842,233368.37298131,1.47245197016748
"250",2015,"37","INDRE-ET-LOIRE",581,9726,9793,17683,466382,300138.2,206309.5,76.37153846,88.00826923,20700,1025494.57751471,2.15734236305685
"251",2015,"38","ISERE",463,690,1820,5275,19220,182319.4,50129,76.37153846,88.00826923,21594,523057.28472884,1.07643069280067
"252",2015,"39","JURA",164,2149,3005,3062,80253,38663.9,37869.5,76.37153846,88.00826923,20412,248800.71736223,2.00286600892381
"253",2015,"40","LANDES",209,1503,24007,3721,129449,128263.4,156692.1,76.37153846,88.00826923,20146,1164070.47910229,2.05914766936001
"254",2015,"41","LOIR-ET-CHER",666,6454,10041,9143,299308,593748.3,197179.3,76.37153846,88.00826923,20200,1048379.6961096,1.50895330513233
"255",2015,"42","LOIRE",132,940,1456,2976,35100,52248.7,32603.5,76.37153846,88.00826923,19206,461089.44468475,0.770830350928645
"256",2015,"43","HAUTE-LOIRE",41,41,18,551,569,2384.9,32773.7,76.37153846,88.00826923,18976,33575.50810053,1.30049756527469
"257",2015,"44","LOIRE-ATLANTIQUE",1890,11650,92146,52187,704726,668539.4,371033.4,76.37153846,88.00826923,21282,3238973.89576276,3.73427259475682
"258",2015,"45","LOIRET",261,432,114,290,5776,49933.9,125066.6,76.37153846,88.00826923,20976,27284.00167396,1.17947100393024
"259",2015,"46","LOT",499,4902,310,27942,281515,215089.3,85027.1,76.37153846,88.00826923,19318,2142257.15564516,1.00886865305381
"260",2015,"47","LOT-ET-GARONNE",629,5792,20381,22549,354391,723889.1,339376.9,76.37153846,88.00826923,18434,2748124.40601951,1.2793446862195
"261",2015,"48","LOZERE",1,12,0,24,242,1628.2,7075.6,76.37153846,88.00826923,18838,2369.22548873,0.77363549048365
"262",2015,"49","MAINE-ET-LOIRE",1135,19340,24084,30185,1073591,698851.8,402954.9,76.37153846,88.00826923,19496,1972059.31770573,2.24377938575309
"263",2015,"51","MARNE",5,23183,150,41,1806125,1779158,1114055.5,76.37153846,88.00826923,20662,5554.50543298,2.94040102371411
"264",2015,"52","HAUTE-MARNE",51,133,360,361,6326,5109.8,111370.1,76.37153846,88.00826923,18702,34176.71596403,1.73372720682766
"265",2015,"53","MAYENNE",2,2,45,23,568,12602.2,94828.8,76.37153846,88.00826923,19202,1793.56171133,3.18746629336254
"266",2015,"54","MEURTHE-ET-MOSELLE",63,141,712,877,5053,17594.5,88408.2,76.37153846,88.00826923,20528,51801.21099248,2.50263892363443
"267",2015,"55","MEUSE",8,41,284,91,1712,14400.9,196992,76.37153846,88.00826923,19058,12735.8029084,2.50821708618865
"268",2015,"57","MOSELLE",57,95,2302,704,4777,13494.1,148483,76.37153846,88.00826923,20388,13819.51982717,18.5506155097574
"269",2015,"58","NIEVRE",72,1585,431,766,86856,5696.3,18559.7,76.37153846,88.00826923,19092,76094.09582278,1.26727522622881
"270",2015,"59","NORD",1,1,22,22,44,110750.9,92912,76.37153846,88.00826923,18480,1099.32077227,3.28962743213934
"271",2015,"63","PUY-DE-DOME",128,465,408,4522,18540,32769.8,79062.7,76.37153846,88.00826923,20726,340097.00537295,1.12103154317361
"272",2015,"64","PYRENEES-ATLANTIQUES",106,2427,675,3270,100680,156044.4,132149,76.37153846,88.00826923,20826,289875.20906685,1.06646067971669
"273",2015,"65","HAUTES-PYRENEES",256,468,82,1117,11278,35120.9,29448.3,76.37153846,88.00826923,19356,184303.20897367,0.502018858227792
"274",2015,"66","PYRENEES-ORIENTALES",771,22533,17684,21943,842710,598263,200751.9,76.37153846,88.00826923,17920,1881646.31165944,1.71772924670452
"275",2015,"67","BAS-RHIN",33,6637,750,57,446908,180442.7,84266.2,76.37153846,88.00826923,21782,162740.16596163,0.432341820465569
"276",2015,"68","HAUT-RHIN",17,8942,766,339,559928,516675.5,314425.4,76.37153846,88.00826923,22226,85159.80411213,1.09563762787977
"277",2015,"69","RHONE",242,16669,2205,6596,705175,524193.4,177717.4,76.37153846,88.00826923,21862,427703.93259474,1.63151387713682
"278",2015,"70","HAUTE-SAONE",36,105,354,575,3439,95831.8,99262.3,76.37153846,88.00826923,19052,35041.07851088,2.14230169595413
"279",2015,"71","SAONE-ET-LOIRE",92,12951,1973,1476,727180,425863.1,353521.3,76.37153846,88.00826923,19542,177232.30037622,1.61575912150251
"280",2015,"72","SARTHE",57,205,729,1303,6871,74274.9,114248.8,76.37153846,88.00826923,19694,67884.09339772,2.41102347678325
"281",2015,"73","SAVOIE",105,1860,3824,2147,111007,117354.3,30466.9,76.37153846,88.00826923,21792,327921.6394531,1.52631987155189
"282",2015,"74","HAUTE-SAVOIE",90,248,3725,2183,11503,42685.3,17794.9,76.37153846,88.00826923,25618,487038.05395731,1.01542347116736
"283",2015,"79","DEUX-SEVRES",251,946,972,6428,52892,859495.6,401954,76.37153846,88.00826923,19338,459536.02429593,1.25443981850096
"284",2015,"81","TARN",972,6460,24733,31407,354823,195894,116082.3,76.37153846,88.00826923,18884,4573158.64550018,1.00047030639988
"285",2015,"82","TARN-ET-GARONNE",359,1606,227,11166,86067,622426.5,360873.8,76.37153846,88.00826923,18438,1060603.44326759,0.822873507623883
"286",2015,"83","VAR",350,27663,2698,15664,1474641,1004763.3,253147.6,76.37153846,88.00826923,20618,1239900.31369482,1.15632690223907
"287",2015,"84","VAUCLUSE",1547,45877,13889,61461,2152369,2954456.8,692806,76.37153846,88.00826923,18472,4082086.30961213,1.44931231921641
"288",2015,"85","VENDEE",376,1084,3524,12832,55970,65644,187183,76.37153846,88.00826923,19788,1209638.61505774,1.0665505434643
"289",2015,"86","VIENNE",330,1320,1520,7025,66607,50573.4,300495.2,76.37153846,88.00826923,19736,630710.14616866,1.06274273687022
"290",2015,"87","HAUTE-VIENNE",1,7,15,11,198,8612.3,24995.4,76.37153846,88.00826923,19900,1271.29172566,1.69922521944246
"291",2015,"88","VOSGES",21,21,173,380,553,5236.9,23113.3,76.37153846,88.00826923,18774,24445.55323899,1.8100067017922
"292",2015,"89","YONNE",49,7566,563,1075,459920,288314.2,259899.9,76.37153846,88.00826923,19586,98868.5943715,1.33154577808926
"293",2015,"90","TERRITOIRE DE BELFORT",1,1,11,0,18,1064.4,1083.7,76.37153846,88.00826923,20650,173.70471489,5.57319910483174
"294",2016,"01","AIN",218,778,4635,9520,45435,143994.9,177072.5,74.52551851,83.28016482,22197.1887149835,723248.19093767,1.51467575568441
"295",2016,"02","AISNE",4,2429,150,0,157345,411374.3,558042.5,74.52551851,83.28016482,18279.3340644004,10421.1270524,1.1987210845993
"296",2016,"03","ALLIER",61,610,354,1682,25500,44141,225389.1,74.52551851,83.28016482,18949.2573023627,178331.84019175,0.868230262826968
"297",2016,"04","ALPES-DE-HAUTE-PROVENCE",48,778,393,3271,43717,112627.6,93675,74.52551851,83.28016482,19423.786262586,391309.37600063,0.706607336237261
"298",2016,"05","HAUTES-ALPES",32,138,105,222,6308,69490.7,21339.7,74.52551851,83.28016482,19736.8158708005,19826.71968009,1.27550511750642
"299",2016,"06","ALPES-MARITIMES",5,84,3,139,2593,25847.8,8437,74.52551851,83.28016482,21509.3211045758,19706.40875693,0.538347077755568
"300",2016,"07","ARDECHE",781,10436,21765,24340,677308,176856.9,50252.7,74.52551851,83.28016482,19318.1138470741,1439309.57880041,2.51964133446762
"301",2016,"09","ARIEGE",14,64,12,221,2401,26066.5,49534.3,74.52551851,83.28016482,18418.9014056425,18780.44594725,0.930196312569885
"302",2016,"10","AUBE",104,7091,63,107,338105,716445.5,1068614.8,74.52551851,83.28016482,19294.1880171468,44981.07745474,0.293920946592106
"303",2016,"11","AUDE",3120,64370,44210,172821,3587812,1378023.2,620408.4,74.52551851,83.28016482,17768.9163592862,11958301.7667481,1.38492831542021
"304",2016,"12","AVEYRON",117,454,128,1716,16598,207517.1,132086.1,74.52551851,83.28016482,19441.7306350314,297099.49170253,0.466327458408574
"305",2016,"13","BOUCHES-DU-RHONE",244,10313,6831,4343,594693,484165.6,165492,74.52551851,83.28016482,20566.244641611,795283.02653917,1.12230627712308
"306",2016,"15","CANTAL",1,8,2,8,180,1559,19584.8,74.52551851,83.28016482,18963.2140364869,3987.81106007,0.191273976181462
"307",2016,"16","CHARENTE",713,39155,10811,16881,3668972,2010691.4,1108673.1,74.52551851,83.28016482,19499.5513906889,3251901.61111162,0.663736913952482
"308",2016,"17","CHARENTE-MARITIME",987,38924,53481,32449,4161166,1267965.4,774466.5,74.52551851,83.28016482,20037.8825640514,6639220.51268698,1.03508913911464
"309",2016,"18","CHER",37,4170,181,478,203169,370415.5,227040.8,74.52551851,83.28016482,19740.8035091217,119490.21661681,0.424276640511738
"310",2016,"19","CORREZE",54,127,16,1029,3324,96605.2,30680.1,74.52551851,83.28016482,19872.3955737215,163650.84135776,0.476742071941755
"311",2016,"21","COTE-D'OR",60,9669,362,355,273866,487673.5,523141.9,74.52551851,83.28016482,21541.2222111455,94428.32005969,0.599438586857306
"312",2016,"24","DORDOGNE",687,11514,14815,34215,636836,441773.2,291999.3,74.52551851,83.28016482,18883.4612700628,1278623.31277777,2.9591876042116
"313",2016,"25","DOUBS",69,77,625,609,1442,3969.2,49959.4,74.52551851,83.28016482,21722.6597547602,26315.85673025,3.70256400100733
"314",2016,"26","DROME",283,16041,2171,16290,848353,665728.7,239840.5,74.52551851,83.28016482,19667.0322001794,379834.93064776,3.67217920682921
"315",2016,"30","GARD",2554,52491,40354,213578,3469702,2757792.1,900395.8,74.52551851,83.28016482,18749.8753863025,13751857.4559771,1.40182510073184
"316",2016,"31","HAUTE-GARONNE",168,1492,357,7977,95950,85667.2,95075.1,74.52551851,83.28016482,22546.1070680889,364011.73540287,1.71483779033704
"317",2016,"32","GERS",3664,18172,500707,36010,1924247,1051562.2,503892,74.52551851,83.28016482,19523.4772206161,21537307.7233182,2.06073228735178
"318",2016,"33","GIRONDE",2750,114074,38169,240767,6707680,4639864.2,2104959.6,74.52551851,83.28016482,21509.3211045758,10446366.9855354,2.02194754935936
"319",2016,"34","HERAULT",4740,81059,61527,246513,4629582,2636227.4,1031902.5,74.52551851,83.28016482,19322.1014853953,23460346.7294998,1.00149789413776
"320",2016,"36","INDRE",122,536,457,2280,22815,74812.2,269673.5,74.52551851,83.28016482,18989.1336855747,233368.37298131,0.891197101255004
"321",2016,"37","INDRE-ET-LOIRE",526,9609,7567,11543,301701,1032265.8,379232.1,74.52551851,83.28016482,20763.6327385106,1025494.57751471,1.4533758637378
"322",2016,"38","ISERE",195,417,1877,4436,18869,187738.3,125794.7,74.52551851,83.28016482,21784.4681487389,523057.28472884,0.930896258771966
"323",2016,"39","JURA",1357,3377,3785,2503,94637,57893.7,43118.7,74.52551851,83.28016482,20709.7996211744,248800.71736223,2.01668549027423
"324",2016,"40","LANDES",352,1637,34498,4073,141616,149124.2,168524.9,74.52551851,83.28016482,20368.8565447114,1164070.47910229,2.72882236933049
"325",2016,"41","LOIR-ET-CHER",644,6390,6602,11626,274811,161775.1,496528,74.52551851,83.28016482,20354.8998105872,1048379.6961096,1.3508935089018
"326",2016,"42","LOIRE",173,985,2489,4854,45794,62181.2,39083.6,74.52551851,83.28016482,19357.9902302861,461089.44468475,1.23410154720321
"327",2016,"43","HAUTE-LOIRE",12,12,19,134,152,1894.2,39097.1,74.52551851,83.28016482,19196.4908782773,33575.50810053,0.344558973680502
"328",2016,"44","LOIRE-ATLANTIQUE",1299,11057,21529,28855,373922,823502.5,520051.1,74.52551851,83.28016482,21531.2531153424,3238973.89576276,1.21747585251445
"329",2016,"45","LOIRET",16,138,32,204,2695,70902.2,146650.7,74.52551851,83.28016482,21076.6623467252,27284.00167396,0.654895541489923
"330",2016,"46","LOT",352,4812,565,15197,238975,268407.2,107790.9,74.52551851,83.28016482,19549.3968697039,2142257.15564516,0.550642388945373
"331",2016,"47","LOT-ET-GARONNE",746,5914,32322,33060,434665,1024165,403069.7,74.52551851,83.28016482,18590.3698534543,2748124.40601951,1.87604138952363
"332",2016,"49","MAINE-ET-LOIRE",988,19292,17667,26585,994976,787739,552302.3,74.52551851,83.28016482,19673.0136576612,1972059.31770573,1.75074428566376
"333",2016,"51","MARNE",1,23424,7,12,1592719,2002781.1,1748150.8,74.52551851,83.28016482,20825.4411324893,5554.50543298,0.265958399660336
"334",2016,"52","HAUTE-MARNE",27,104,285,284,3372,3929.5,148903.3,74.52551851,83.28016482,18925.3314724354,34176.71596403,1.31376268795972
"335",2016,"53","MAYENNE",1,1,45,0,45,11925.3,125268.5,74.52551851,83.28016482,19387.8975176951,1793.56171133,2.08947782126827
"336",2016,"54","MEURTHE-ET-MOSELLE",35,110,983,795,5300,16545.2,126376.6,74.52551851,83.28016482,20675.9046954441,51801.21099248,2.72410985245104
"337",2016,"55","MEUSE",7,39,390,13,2254,17502.4,215431.6,74.52551851,83.28016482,19246.3363572924,12735.8029084,2.62630446317358
"338",2016,"57","MOSELLE",26,98,913,128,2549,12052.7,158284.6,74.52551851,83.28016482,20628.0530355897,13819.51982717,6.19225978327382
"339",2016,"58","NIEVRE",29,1520,134,188,55825,5549.1,26773.6,74.52551851,83.28016482,19238.36108065,76094.09582278,0.330779139874146
"340",2016,"59","NORD",1,1,0,3,3,381298.7,184390.4,74.52551851,83.28016482,18721.961918054,1099.32077227,0.203376995295317
"341",2016,"63","PUY-DE-DOME",98,439,254,2090,16432,23569.5,88810.9,74.52551851,83.28016482,20881.2680689861,340097.00537295,0.520179515712522
"342",2016,"64","PYRENEES-ATLANTIQUES",136,2493,920,2757,116627,357047.9,297167.9,74.52551851,83.28016482,20978.9652078556,289875.20906685,0.973124287083883
"343",2016,"65","HAUTES-PYRENEES",90,462,53,593,12403,61150.4,46860.6,74.52551851,83.28016482,19429.7677200678,184303.20897367,0.263736488814116
"344",2016,"66","PYRENEES-ORIENTALES",813,25721,5544,9030,675176,1044916.9,400334,74.52551851,83.28016482,18115.840893231,1881646.31165944,0.603020163181838
"345",2016,"67","BAS-RHIN",19,6615,789,47,540284,211728.3,123605.1,74.52551851,83.28016482,21985.8438839597,162740.16596163,0.425283758339463
"346",2016,"68","HAUT-RHIN",32,8916,962,20,714342,669543.9,400201.1,74.52551851,83.28016482,22544.1132489283,85159.80411213,0.958269335842873
"347",2016,"69","RHONE",303,16704,3531,19743,852145,663662.7,246260,74.52551851,83.28016482,22107.4668527565,427703.93259474,4.12766738713887
"348",2016,"70","HAUTE-SAONE",1021,1243,274,258,2174,80346.8,137695.1,74.52551851,83.28016482,19310.1385704317,35041.07851088,1.19991594788399
"349",2016,"71","SAONE-ET-LOIRE",77,12864,1972,1320,757308,570064.3,568047.8,74.52551851,83.28016482,19746.7849666035,177232.30037622,1.48168346797283
"350",2016,"72","SARTHE",45,192,255,335,3604,86579.5,169114.4,74.52551851,83.28016482,19906.2904994517,67884.09339772,0.680608496297629
"351",2016,"73","SAVOIE",122,1878,3369,2276,119297,147350.5,40124.1,74.52551851,83.28016482,22087.5286611504,327921.6394531,1.37286138285402
"352",2016,"74","HAUTE-SAVOIE",87,242,3884,2131,14115,51798.5,20548.8,74.52551851,83.28016482,26113.0495464061,487038.05395731,0.990218395024965
"353",2016,"79","DEUX-SEVRES",102,804,748,2391,46296,875453.4,405218.9,74.52551851,83.28016482,19599.242348719,459536.02429593,0.523319316284775
"354",2016,"81","TARN",1045,6547,28574,66268,485724,238592.6,158730.1,74.52551851,83.28016482,19092.812281926,4573158.64550018,1.60027347780473
"355",2016,"82","TARN-ET-GARONNE",283,1497,381,21993,107052,822765.7,488771,74.52551851,83.28016482,18666.1349815572,1060603.44326759,1.57530081765472
"356",2016,"83","VAR",364,27934,2806,19242,1469587,1038378.9,291372,74.52551851,83.28016482,20861.3298773801,1239900.31369482,1.34503084742732
"357",2016,"84","VAUCLUSE",1487,50316,9783,73690,2209301,2848520.6,816304.2,74.52551851,83.28016482,18783.7703120327,4082086.30961213,1.54492453934302
"358",2016,"85","VENDEE",243,977,1253,5412,35601,77469.3,244380.4,74.52551851,83.28016482,20093.7095005483,1209638.61505774,0.419697376039328
"359",2016,"86","VIENNE",271,1224,2858,3489,57164,59336.5,444727.9,74.52551851,83.28016482,19864.4202970791,630710.14616866,0.78964045237314
"360",2016,"87","HAUTE-VIENNE",1,7,4,4,104,9126.5,35716.4,74.52551851,83.28016482,20053.8331173363,1271.29172566,0.496520759617386
"361",2016,"88","VOSGES",9,9,3,71,74,5033.6,32461,74.52551851,83.28016482,19001.0966005383,24445.55323899,0.226673221689743
"362",2016,"89","YONNE",24,7514,170,316,206712,414420.5,375245.5,74.52551851,83.28016482,19722.8591366763,98868.5943715,0.38139200934599
