,,,,,,,,"Edition : 12/01/2017"
,"Activité et prix des vins sans IG et des vins IGP Rouges et Rosés",,,,,,,
,,"Vin sans IG",,,"Vin IGP",,,"Campagnes"
"Mois  ","semaine dans la campagne","en milliers d'hl","en euros/hl","en euros/°hl","en milliers d'hl","en euros/hl","en euros/°hl",
Aug 2000,1,45,49.31,4.15,43,56.98,4.80,"2000-2001"
,2,54,47.04,3.87,46,54.17,4.51,
,3,33,42.74,3.62,42,52.92,4.46,
,4,19,42.53,3.53,23,53.42,4.46,
Sep 2000,5,51,44.12,3.77,39,53.28,4.49,
,6,42,42.90,3.60,27,57.78,4.84,
,7,53,44.00,3.69,27,56.04,4.66,
,8,47,42.59,3.63,33,55.83,4.70,
,9,88,44.30,3.76,56,52.04,4.41,
Oct 2000,10,94,45.27,3.83,76,55.63,4.69,
,11,148,46.55,3.94,72,55.53,4.66,
,12,168,46.64,3.96,135,51.61,4.46,
,13,148,44.07,3.79,59,54.60,4.55,
Nov 2000,14,107,45.72,3.92,38,57.94,4.89,
,15,122,43.20,3.72,50,56.15,4.70,
,16,122,44.55,3.75,107,51.96,4.39,
,17,160,43.32,3.71,80,49.07,4.26,
Dec 2000,18,262,41.76,3.64,128,52.49,4.45,
,19,197,44.07,3.71,173,48.45,4.25,
,20,252,42.41,3.63,120,50.26,4.34,
,21,145,43.47,3.69,116,53.29,4.49,
,22,136,43.14,3.66,103,54.33,4.51,
Jan 2001,23,148,48.48,3.91,48,52.61,4.37,
,24,152,45.96,3.76,150,53.82,4.49,
,25,206,45.94,3.83,212,54.87,4.59,
,26,244,44.37,3.77,243,50.13,4.30,
Feb 2001,27,220,43.08,3.61,217,53.80,4.52,
,28,211,45.95,3.82,240,55.80,4.62,
,29,167,43.90,3.63,209,52.74,4.41,
,30,104,43.71,3.63,213,54.23,4.49,
Mar 2001,31,89,41.85,3.58,125,53.44,4.44,
,32,93,42.68,3.59,234,54.96,4.52,
,33,129,41.95,3.49,172,56.96,4.68,
,34,93,42.28,3.52,159,58.41,4.84,
,35,102,42.44,3.59,342,53.63,4.47,
Apr 2001,36,56,41.91,3.49,134,54.97,4.54,
,37,72,42.12,3.62,146,53.19,4.42,
,38,48,39.17,3.37,107,50.25,4.18,
,39,49,39.65,3.31,97,49.44,4.15,
May 2001,40,57,40.72,3.39,96,52.77,4.35,
,41,37,38.73,3.22,84,50.71,4.16,
,42,39,39.47,3.25,91,50.90,4.22,
,43,38,39.09,3.27,121,48.25,4.02,
Jun 2001,44,42,37.17,3.12,82,48.82,4.06,
,45,40,36.95,3.19,94,49.12,4.09,
,46,43,37.70,3.20,103,52.89,4.31,
,47,77,41.60,3.47,107,50.93,4.25,
,48,77,36.59,3.07,98,47.70,3.99,
Jul 2001,49,52,37.36,3.14,85,51.72,4.23,
,50,70,36.73,3.06,84,46.15,3.85,
,51,51,36.07,3.02,51,50.65,4.18,
,52,83,40.22,3.23,93,49.85,4.15,
Aug 2001,1,37,36.55,3.09,57,50.30,4.13,"2001-2002"
,2,44,35.05,2.98,49,49.76,4.07,
,3,22,37.46,3.17,33,43.59,3.66,
,4,30,35.10,2.93,39,46.67,3.86,
Sep 2001,5,57,33.91,2.91,106,56.35,4.74,
,6,35,36.41,3.10,50,49.34,4.11,
,7,59,35.93,3.02,53,44.44,3.70,
,8,58,35.74,3.00,58,48.29,3.99,
,9,39,36.39,3.10,58,43.59,3.72,
Oct 2001,10,44,34.59,2.95,53,51.05,4.16,
,11,84,37.59,3.12,65,50.20,4.16,
,12,136,40.79,3.40,79,51.67,4.27,
,13,83,38.83,3.21,60,49.49,4.12,
Nov 2001,14,100,37.02,3.15,59,45.92,3.85,
,15,105,38.05,3.23,24,50.59,4.19,
,16,118,36.81,3.15,85,54.86,4.42,
,17,217,36.85,3.12,120,48.33,4.00,
Dec 2001,18,174,36.19,3.08,84,45.85,3.88,
,19,171,37.55,3.16,115,47.93,3.91,
,20,300,39.06,3.22,176,46.62,3.88,
,21,211,37.71,3.13,141,52.18,4.24,
,22,128,38.02,3.19,174,52.71,4.21,
Jan 2002,23,88,40.78,3.37,113,50.92,4.20,
,24,139,36.94,3.04,137,53.62,4.31,
,25,124,39.90,3.27,199,52.85,4.30,
,26,194,37.55,3.16,213,54.47,4.34,
Feb 2002,27,153,37.14,3.11,232,51.74,4.16,
,28,164,37.35,3.09,243,51.31,4.10,
,29,154,38.80,3.21,268,51.65,4.16,
,30,104,39.26,3.27,153,51.09,4.12,
Mar 2002,31,96,43.04,3.53,175,52.87,4.23,
,32,109,37.94,3.16,177,49.47,4.00,
,33,87,37.33,3.11,216,50.13,4.03,
,34,72,37.43,3.16,190,50.14,4.06,
,35,78,36.32,3.04,165,49.17,3.95,
Apr 2002,36,91,39.62,3.35,198,49.88,4.09,
,37,74,38.07,3.12,163,49.61,4.00,
,38,66,36.39,3.03,156,50.69,4.04,
,39,72,37.41,3.11,97,52.06,4.22,
May 2002,40,37,35.40,2.96,114,48.10,3.93,
,41,55,37.33,3.15,143,58.54,4.68,
,42,42,36.71,3.07,69,49.10,3.96,
,43,37,36.86,3.08,81,53.28,4.22,
Jun 2002,44,52,35.89,2.98,134,49.61,3.94,
,45,91,36.70,3.00,135,49.24,3.94,
,46,57,36.94,3.04,106,49.78,4.01,
,47,74,40.26,3.30,97,49.71,3.98,
,48,60,37.75,3.12,87,49.36,3.91,
Jul 2002,49,57,37.28,3.04,94,50.03,4.05,
,50,69,37.56,3.08,80,47.02,3.76,
,51,48,37.69,3.08,70,53.06,4.24,
,52,46,36.04,3.03,58,48.79,3.89,
,53,30,36.88,3.03,51,52.66,4.31,
Aug 2002,1,27,38.69,3.22,52,52.45,4.10,"2002-2003"
,2,24,40.66,3.49,38,49.40,3.95,
,3,19,43.80,3.61,29,48.53,3.93,
,4,42,38.40,3.18,58,55.90,4.35,
Sep 2002,5,38,36.52,3.03,45,49.62,3.98,
,6,40,37.33,3.05,37,49.62,3.91,
,7,65,38.19,3.25,48,62.21,5.00,
,8,55,41.57,3.46,49,45.81,3.79,
,9,67,43.65,3.66,46,57.49,4.62,
Oct 2002,10,118,46.41,3.87,62,57.12,4.57,
,11,104,44.16,3.79,45,57.66,4.73,
,12,153,46.15,3.93,63,53.16,4.35,
,13,120,44.02,3.71,39,52.07,4.31,
Nov 2002,14,167,44.97,3.79,60,48.22,4.02,
,15,93,41.49,3.56,61,50.33,4.35,
,16,204,44.21,3.71,144,49.31,4.19,
,17,205,45.00,3.82,115,56.20,4.67,
Dec 2002,18,234,44.39,3.75,192,53.36,4.53,
,19,348,43.74,3.71,204,52.70,4.40,
,20,260,45.15,3.79,298,52.42,4.40,
,21,200,44.08,3.72,147,56.81,4.75,
,22,128,47.69,3.93,98,55.65,4.60,
Jan 2003,23,151,44.41,3.75,119,53.99,4.57,
,24,192,44.82,3.83,214,57.08,4.74,
,25,246,46.35,3.86,256,57.45,4.76,
,26,184,46.08,3.90,296,58.68,4.86,
Feb 2003,27,177,47.00,3.92,282,58.43,4.79,
,28,202,48.98,4.12,280,59.31,4.87,
,29,119,48.85,4.11,189,60.70,5.00,
,30,157,47.07,3.98,380,59.34,4.88,
Mar 2003,31,85,48.68,4.11,204,59.34,4.84,
,32,89,50.27,4.16,198,59.95,4.96,
,33,87,48.59,4.06,171,61.02,4.99,
,34,75,48.00,4.03,196,62.90,5.11,
,35,89,50.27,4.17,174,59.32,4.89,
Apr 2003,36,73,48.91,4.08,124,61.54,5.03,
,37,35,49.35,4.08,86,59.65,4.93,
,38,31,48.68,4.06,67,62.35,5.05,
,39,35,50.08,4.18,81,59.95,4.92,
May 2003,40,56,51.84,4.39,113,62.72,5.09,
,41,29,48.34,4.01,48,62.38,5.10,
,42,26,48.99,3.95,76,61.77,5.05,
,43,32,48.94,4.06,59,62.99,5.15,
Jun 2003,44,38,46.23,3.92,98,64.85,5.32,
,45,34,46.92,3.99,37,60.02,4.89,
,46,41,45.90,3.84,61,58.76,4.86,
,47,40,50.11,4.23,66,59.23,4.86,
,48,44,46.84,3.95,62,63.27,5.17,
Jul 2003,49,54,48.08,4.03,45,59.84,4.89,
,50,31,49.36,4.11,49,62.23,5.10,
,51,32,48.75,4.05,48,61.78,5.03,
,52,37,49.28,4.07,42,64.85,5.27,
Aug 2003,1,48,48.13,4.02,52,59.18,4.82,"2003-2004"
,2,22,48.10,4.11,27,62.88,5.19,
,3,26,48.41,4.02,21,60.89,5.06,
,4,25,47.48,4.00,30,56.52,4.70,
Sep 2003,5,26,48.61,4.01,31,60.59,4.93,
,6,47,48.03,4.10,57,60.02,4.90,
,7,54,50.07,4.27,53,58.52,4.89,
,8,42,50.93,4.33,33,68.83,5.66,
,9,68,52.26,4.43,35,64.44,5.31,
Oct 2003,10,113,52.32,4.42,64,69.97,5.64,
,11,102,54.05,4.49,52,61.47,5.13,
,12,180,51.80,4.40,42,60.59,5.06,
,13,166,53.49,4.47,31,68.60,5.67,
Nov 2003,14,167,53.15,4.41,78,57.53,4.86,
,15,78,51.18,4.35,59,57.75,4.92,
,16,300,52.78,4.40,257,59.35,5.05,
,17,205,54.51,4.47,230,59.82,5.01,
Dec 2003,18,190,52.42,4.42,188,59.92,5.00,
,19,243,54.84,4.49,194,60.98,5.03,
,20,187,54.21,4.45,252,60.57,5.08,
,21,233,53.94,4.47,283,62.66,5.13,
,22,67,55.41,4.56,76,62.44,5.11,
Jan 2004,23,74,55.52,4.58,91,62.77,5.09,
,24,123,54.40,4.48,248,61.79,5.02,
,25,127,54.74,4.57,295,62.99,5.14,
,26,144,55.42,4.52,283,62.27,5.08,
Feb 2004,27,100,55.25,4.55,226,65.77,5.26,
,28,98,57.45,4.69,231,64.33,5.15,
,29,69,56.19,4.55,203,64.10,5.16,
,30,57,54.87,4.49,150,64.06,5.19,
Mar 2004,31,68,54.98,4.50,178,65.36,5.21,
,32,70,56.46,4.59,168,64.54,5.18,
,33,47,55.23,4.43,153,64.43,5.21,
,34,94,56.49,4.64,177,65.04,5.19,
,35,63,55.93,4.62,95,67.74,5.44,
Apr 2004,36,53,57.45,4.67,143,66.30,5.27,
,37,42,55.74,4.60,81,66.70,5.30,
,38,33,55.13,4.44,101,64.54,5.15,
,39,38,54.45,4.46,119,66.47,5.24,
May 2004,40,54,54.19,4.46,116,62.47,4.96,
,41,47,54.18,4.43,120,66.17,5.26,
,42,33,53.83,4.45,78,71.64,5.70,
,43,29,55.65,4.53,81,65.78,5.18,
Jun 2004,44,38,53.96,4.52,45,61.33,4.99,
,45,35,54.50,4.44,68,63.94,5.15,
,46,52,54.08,4.36,82,63.32,5.09,
,47,37,56.85,4.59,101,65.26,5.15,
,48,29,54.63,4.40,58,63.60,5.13,
Jul 2004,49,48,55.52,4.56,137,63.10,5.11,
,50,35,56.29,4.49,75,65.75,5.26,
,51,9,55.29,4.46,27,64.30,5.13,
,52,23,51.30,4.14,29,60.86,4.91,
Aug 2004,1,18,55.12,4.46,43,64.81,5.24,"2004-2005"
,2,15,52.62,4.17,45,64.73,5.14,
,3,17,52.29,4.27,30,63.55,5.15,
,4,17,54.52,4.56,43,64.61,5.15,
Sep 2004,5,29,51.51,4.17,25,66.37,5.24,
,6,20,53.59,4.33,30,70.02,5.55,
,7,34,50.52,4.26,41,62.51,5.08,
,8,28,50.91,4.30,33,66.89,5.32,
,9,81,46.97,4.03,34,63.47,5.20,
Oct 2004,10,48,50.95,4.20,43,67.31,5.38,
,11,112,47.56,4.05,45,63.87,5.21,
,12,74,48.54,4.05,45,59.30,4.99,
,13,137,47.90,3.93,40,66.74,5.52,
Nov 2004,14,88,45.88,3.83,20,59.74,4.77,
,15,69,45.54,3.79,55,52.66,4.44,
,16,91,46.40,3.91,45,53.87,4.59,
,17,152,43.30,3.69,89,54.17,4.61,
Dec 2004,18,136,45.24,3.73,123,52.83,4.43,
,19,196,47.63,3.95,144,55.71,4.59,
,20,209,44.17,3.68,280,53.36,4.48,
,21,237,45.54,3.77,198,54.54,4.51,
,22,132,46.49,3.82,134,50.25,4.18,
Jan 2005,23,90,45.81,3.81,107,53.49,4.39,
,24,102,44.52,3.66,188,55.62,4.52,
,25,135,45.72,3.75,221,56.56,4.57,
,26,112,43.27,3.58,184,55.42,4.50,
Feb 2005,27,166,45.48,3.72,246,54.50,4.38,
,28,147,44.36,3.67,257,54.22,4.41,
,29,125,44.71,3.68,265,55.31,4.42,
,30,88,43.67,3.52,191,52.65,4.24,
Mar 2005,31,70,44.45,3.60,182,55.01,4.39,
,32,72,45.45,3.68,226,54.60,4.37,
,33,52,42.53,3.45,166,57.39,4.51,
,34,46,43.33,3.56,216,53.36,4.23,
,35,40,40.00,3.33,230,53.51,4.29,
Apr 2005,36,44,41.27,3.39,99,55.33,4.37,
,37,58,41.02,3.38,140,54.09,4.32,
,38,63,39.59,3.24,146,54.76,4.39,
,39,29,40.16,3.26,88,57.60,4.60,
May 2005,40,43,38.49,3.16,96,53.76,4.34,
,41,39,41.17,3.43,88,54.58,4.35,
,42,33,38.36,3.18,68,54.42,4.39,
,43,60,37.84,3.16,106,57.04,4.57,
Jun 2005,44,52,38.85,3.13,86,52.72,4.22,
,45,52,35.82,2.93,135,53.88,4.27,
,46,73,36.62,3.04,106,51.56,4.12,
,47,45,39.51,3.21,116,51.72,4.11,
,48,55,36.63,2.91,65,47.70,3.82,
Jul 2005,49,27,35.98,2.98,127,54.01,4.27,
,50,36,37.52,3.13,91,52.64,4.15,
,51,51,35.37,2.91,84,50.69,4.03,
,52,56,36.99,3.00,74,54.81,4.37,
Aug 2005,1,61,34.54,2.83,75,49.95,4.07,"2005-2006"
,2,58,33.03,2.69,117,47.23,3.84,
,3,39,31.98,2.62,86,44.59,3.68,
,4,31,32.65,2.67,54,42.59,3.53,
Sep 2005,5,46,32.69,2.67,73,42.69,3.46,
,6,54,33.41,2.81,111,47.23,3.80,
,7,66,32.65,2.63,82,43.60,3.54,
,8,55,31.64,2.60,53,47.16,3.77,
,9,42,32.00,2.59,56,44.41,3.51,
Oct 2005,10,23,34.94,2.89,60,44.43,3.56,
,11,56,34.85,2.88,110,58.60,4.75,
,12,41,36.10,3.04,63,49.22,3.96,
,13,51,34.71,2.93,52,43.98,3.51,
Nov 2005,14,36,37.58,3.12,28,52.66,4.20,
,15,63,38.49,3.17,45,46.98,3.83,
,16,56,35.61,2.94,63,51.19,4.10,
,17,80,35.96,3.02,78,46.82,3.82,
Dec 2005,18,145,36.24,2.99,77,42.70,3.51,
,19,106,38.84,3.22,117,45.80,3.75,
,20,135,37.35,3.10,145,51.19,4.10,
,21,185,37.17,3.07,183,50.37,4.05,
,22,106,38.03,3.13,171,54.06,4.33,
Jan 2006,23,99,39.08,3.25,88,50.24,4.02,
,24,96,38.54,3.20,175,47.02,3.84,
,25,85,38.67,3.19,147,48.37,3.92,
,26,105,38.21,3.16,222,48.60,3.92,
Feb 2006,27,100,39.81,3.28,156,49.53,3.94,
,28,110,38.32,3.17,183,49.59,3.98,
,29,97,37.23,3.09,178,50.21,3.99,
,30,50,39.38,3.19,130,49.27,3.94,
Mar 2006,31,88,38.67,3.18,147,48.98,3.91,
,32,26,33.85,2.80,86,52.67,4.18,
,33,43,36.23,2.93,162,51.64,4.09,
,34,63,36.17,2.95,159,47.12,3.79,
,35,35,33.30,2.75,131,45.63,3.67,
Apr 2006,36,89,35.17,2.92,165,47.57,3.81,
,37,67,32.96,2.74,214,47.49,3.78,
,38,32,32.80,2.74,164,47.35,3.78,
,39,69,37.94,3.11,202,44.13,3.59,
May 2006,40,37,36.48,3.01,93,47.04,3.76,
,41,32,32.99,2.76,83,47.30,3.85,
,42,36,34.13,2.81,101,50.01,3.95,
,43,32,32.87,2.72,86,50.57,3.93,
Jun 2006,44,24,33.07,2.73,100,47.50,3.78,
,45,33,32.41,2.65,101,45.71,3.65,
,46,45,33.11,2.71,123,54.10,4.38,
,47,19,31.83,2.65,89,51.59,4.13,
,48,40,32.12,2.65,100,52.00,4.13,
Jul 2006,49,44,32.11,2.62,145,45.61,3.61,
,50,43,34.02,2.82,94,42.22,3.41,
,51,34,32.74,2.65,94,43.59,3.55,
,52,38,33.13,2.67,97,52.06,4.16,
Aug 2006,1,31,33.98,2.78,68,42.84,3.42,"2006-2007"
,2,28,32.97,2.74,64,41.19,3.34,
,3,17,31.52,2.67,64,55.03,4.35,
,4,19,33.77,2.78,54,43.69,3.48,
Sep 2006,5,34,32.82,2.64,61,46.25,3.73,
,6,56,34.04,2.83,71,45.18,3.66,
,7,33,29.63,2.46,55,45.67,3.61,
,8,40,31.94,2.61,67,41.24,3.26,
,9,65,32.21,2.63,61,44.79,3.52,
Oct 2006,10,53,32.82,2.68,63,40.94,3.29,
,11,42,34.61,2.80,67,46.66,3.74,
,12,43,35.77,2.97,71,50.39,3.97,
,13,51,34.29,2.80,52,48.79,3.92,
Nov 2006,14,63,35.22,2.88,50,45.78,3.60,
,15,62,33.05,2.73,112,38.44,3.13,
,16,87,33.61,2.78,83,42.99,3.44,
,17,81,35.78,2.96,101,45.97,3.67,
Dec 2006,18,101,33.89,2.83,176,45.48,3.67,
,19,67,33.06,2.75,155,44.37,3.57,
,20,88,32.14,2.67,251,41.87,3.42,
,21,115,35.82,2.97,174,42.48,3.43,
,22,87,37.49,3.05,150,43.72,3.49,
Jan 2007,23,58,35.91,2.92,181,49.04,3.86,
,24,116,36.62,3.02,192,43.89,3.41,
,25,98,34.46,2.85,192,47.52,3.75,
,26,136,36.18,2.94,269,44.90,3.53,
Feb 2007,27,112,36.16,2.94,228,44.58,3.53,
,28,143,34.82,2.82,237,45.99,3.64,
,29,80,34.65,2.84,245,48.09,3.78,
,30,84,31.85,2.62,289,46.18,3.65,
Mar 2007,31,73,32.58,2.69,288,46.94,3.65,
,32,88,35.24,2.89,311,46.67,3.69,
,33,78,34.90,2.83,241,47.80,3.74,
,34,56,34.73,2.83,223,50.15,3.93,
,35,84,34.61,2.82,206,43.26,3.42,
Apr 2007,36,62,33.83,2.77,189,50.13,3.90,
,37,26,32.13,2.61,158,49.77,3.93,
,38,50,33.61,2.74,163,44.71,3.57,
,39,39,31.65,2.57,116,50.34,3.94,
May 2007,40,46,33.18,2.70,117,43.93,3.45,
,41,31,32.92,2.68,143,49.12,3.83,
,42,32,34.60,2.81,141,50.80,3.96,
,43,30,32.06,2.63,58,49.66,3.89,
Jun 2007,44,39,31.86,2.55,111,54.08,4.29,
,45,43,30.79,2.50,103,49.54,3.90,
,46,72,37.93,3.10,140,51.97,4.16,
,47,28,32.03,2.61,79,47.07,3.79,
,48,39,28.53,2.30,55,52.78,4.14,
Jul 2007,49,53,31.14,2.51,84,41.76,3.36,
,50,55,32.16,2.58,73,47.69,3.77,
,51,29,31.70,2.61,77,50.92,3.99,
,52,20,28.02,2.21,98,60.26,4.87,
,53,17,31.37,2.51,53,44.21,3.52,
Aug 2007,1,30,32.07,2.63,88,42.99,3.40,"2007-2008"
,2,21,36.54,2.93,48,54.56,4.35,
,3,24,30.80,2.46,31,43.03,3.37,
,4,23,32.93,2.67,62,54.92,4.30,
Sep 2007,5,21,31.79,2.56,44,45.59,3.67,
,6,27,31.75,2.61,48,45.63,3.57,
,7,19,31.12,2.54,50,44.18,3.45,
,8,34,30.09,2.42,58,43.62,3.47,
,9,22,31.70,2.60,49,44.98,3.50,
Oct 2007,10,41,38.26,3.16,88,47.45,3.68,
,11,76,44.31,3.59,58,53.77,4.20,
,12,59,35.01,2.83,55,45.76,3.65,
,13,68,35.61,2.93,55,42.44,3.45,
Nov 2007,14,85,40.42,3.30,99,50.57,3.96,
,15,86,38.93,3.19,80,49.14,3.92,
,16,119,40.64,3.34,89,48.73,3.86,
,17,65,38.06,3.11,115,49.22,3.97,
Dec 2007,18,157,38.01,3.11,295,52.72,4.19,
,19,141,37.93,3.06,223,49.87,3.98,
,20,105,44.07,3.56,248,55.42,4.38,
,21,121,43.24,3.52,226,52.99,4.19,
,22,59,44.06,3.55,144,54.32,4.27,
Jan 2008,23,76,40.64,3.35,202,55.68,4.32,
,24,98,41.19,3.39,286,54.48,4.29,
,25,129,42.00,3.44,298,56.30,4.44,
,26,139,43.47,3.54,332,55.17,4.31,
Feb 2008,27,107,43.72,3.52,375,54.57,4.33,
,28,114,40.68,3.31,490,58.35,4.57,
,29,68,41.74,3.41,261,60.14,4.63,
,30,58,40.65,3.30,251,53.48,4.20,
Mar 2008,31,49,41.84,3.40,151,57.25,4.47,
,32,41,44.44,3.71,212,54.90,4.31,
,33,49,44.11,3.58,245,56.46,4.40,
,34,38,40.79,3.30,125,54.81,4.34,
,35,28,45.88,3.69,107,56.09,4.35,
Apr 2008,36,42,42.41,3.49,222,54.89,4.26,
,37,28,42.14,3.48,95,60.32,4.69,
,38,26,40.28,3.33,89,56.91,4.42,
,39,21,45.81,3.69,90,58.12,4.62,
May 2008,40,22,43.30,3.54,69,61.77,4.86,
,41,19,38.33,3.23,53,57.09,4.51,
,42,32,40.80,3.34,133,53.64,4.22,
,43,13,36.44,2.89,63,62.78,4.95,
Jun 2008,44,14,38.90,3.08,83,56.02,4.39,
,45,24,37.82,3.16,61,58.68,4.57,
,46,20,36.69,2.96,61,51.78,4.12,
,47,29,38.28,3.15,59,55.63,4.39,
,48,19,40.65,3.26,49,59.56,4.76,
Jul 2008,49,19,34.65,2.82,58,51.44,4.11,
,50,22,31.68,2.54,56,51.03,4.07,
,51,22,32.61,2.58,58,49.03,3.82,
,52,22,35.77,2.96,58,64.11,5.06,
Aug 2008,1,13,36.56,2.96,38,57.36,4.46,"2008-2009"
,2,21,37.02,3.05,64,44.97,3.67,
,3,10,35.35,2.79,31,43.36,3.49,
,4,19,33.82,2.71,36,51.76,4.06,
Sep 2008,5,28,36.59,2.93,43,45.47,3.52,
,6,27,35.17,2.85,66,45.52,3.65,
,7,40,34.51,2.85,67,45.66,3.66,
,8,35,35.48,2.93,110,61.49,4.94,
,9,25,39.33,3.23,58,45.73,3.66,
Oct 2008,10,49,39.46,3.23,37,48.63,3.88,
,11,28,42.12,3.45,51,53.00,4.26,
,12,40,41.00,3.42,65,50.27,4.06,
,13,39,42.61,3.46,60,57.64,4.59,
Nov 2008,14,38,42.58,3.52,70,57.31,4.59,
,15,28,44.03,3.61,88,51.56,4.17,
,16,50,44.67,3.73,54,57.56,4.59,
,17,60,41.84,3.48,122,54.09,4.30,
Dec 2008,18,58,43.10,3.54,105,55.82,4.44,
,19,93,43.16,3.51,171,51.97,4.22,
,20,95,44.67,3.68,183,53.39,4.28,
,21,61,42.16,3.50,137,53.30,4.30,
,22,46,43.24,3.59,146,57.07,4.47,
Jan 2009,23,28,44.84,3.70,100,54.46,4.31,
,24,33,44.07,3.70,261,58.99,4.61,
,25,56,43.61,3.66,284,54.77,4.33,
,26,81,42.64,3.55,301,61.25,4.85,
Feb 2009,27,82,43.96,3.61,186,53.37,4.27,
,28,95,42.05,3.43,224,56.53,4.49,
,29,72,40.88,3.38,164,55.84,4.43,
,30,75,43.18,3.56,220,54.43,4.36,
Mar 2009,31,57,41.31,3.32,201,54.73,4.35,
,32,68,40.27,3.32,219,55.61,4.41,
,33,45,41.81,3.42,152,54.03,4.31,
,34,46,42.58,3.49,111,58.89,4.71,
,35,49,42.36,3.51,191,50.56,4.09,
Apr 2009,36,43,40.51,3.30,140,57.29,4.53,
,37,24,37.61,3.08,148,52.95,4.17,
,38,29,40.87,3.32,79,56.46,4.41,
,39,21,42.41,3.46,118,53.62,4.20,
May 2009,40,32,40.53,3.35,155,55.16,4.26,
,41,15,39.19,3.26,83,56.24,4.33,
,42,25,39.54,3.25,92,55.44,4.29,
,43,24,38.17,3.22,89,54.23,4.29,
Jun 2009,44,53,37.02,3.05,69,52.20,4.08,
,45,40,42.09,3.50,107,53.42,4.27,
,46,28,41.98,3.46,94,52.37,4.15,
,47,39,37.96,3.14,92,57.66,4.54,
,48,22,38.67,3.16,108,53.06,4.18,
Jul 2009,49,27,40.21,3.34,99,50.98,4.02,
,50,20,38.69,3.21,80,53.41,4.30,
,51,16,37.38,3.00,67,48.87,3.95,
,52,29,42.42,3.48,90,64.32,5.22,
Aug 2009,1,21,39.86,3.26,57,45.98,3.66,"2009-2010"
,2,34,39.08,3.22,65,48.40,3.82,
,3,13,35.91,2.95,58,47.16,3.71,
,4,17,40.12,3.28,60,49.11,4.00,
Sep 2009,5,36,38.83,3.28,73,52.73,4.18,
,6,25,38.53,3.13,53,52.99,4.21,
,7,24,43.60,3.58,41,52.34,4.06,
,8,24,41.39,3.43,90,49.70,3.89,
,9,27,40.79,3.42,55,47.90,3.81,
Oct 2009,10,31,42.94,3.51,55,52.73,4.17,
,11,39,41.46,3.42,43,51.84,4.04,
,12,37,42.54,3.48,47,50.86,4.04,
,13,38,46.17,3.75,51,49.48,3.95,
Nov 2009,14,56,42.38,3.48,98,47.04,3.83,
,15,56,46.20,3.87,55,48.98,3.87,
,16,54,43.76,3.57,59,52.25,4.18,
,17,52,44.70,3.71,84,48.87,3.92,
Dec 2009,18,83,45.30,3.70,166,53.82,4.34,
,19,93,45.92,3.76,388,57.25,4.52,
,20,86,45.75,3.70,323,56.24,4.45,
,21,50,46.46,3.77,255,54.09,4.19,
,22,91,45.40,3.72,201,53.03,4.26,
Jan 2010,23,33,45.29,3.64,96,55.10,4.30,
,24,65,46.37,3.83,199,53.77,4.25,
,25,77,47.30,3.85,277,57.72,4.50,
,26,94,47.68,3.82,195,57.71,4.51,
Feb 2010,27,69,45.98,3.69,277,55.28,4.29,
,28,44,44.31,3.59,339,55.75,4.35,
,29,76,48.79,3.92,298,58.89,4.61,
,30,56,47.53,3.79,264,55.94,4.37,
Mar 2010,31,71,46.28,3.78,274,56.05,4.40,
,32,34,46.80,3.78,216,56.97,4.42,
,33,24,43.05,3.50,251,57.85,4.40,
,34,31,45.96,3.72,156,57.38,4.49,
,35,42,46.75,3.84,143,58.37,4.51,
Apr 2010,36,40,47.48,3.79,100,57.14,4.47,
,37,26,39.03,3.27,138,58.37,4.54,
,38,20,46.47,3.80,110,58.07,4.57,
,39,28,45.87,3.73,144,56.27,4.33,
May 2010,40,37,48.36,3.86,141,56.63,4.34,
,41,21,46.94,3.75,111,55.59,4.36,
,42,28,47.83,3.90,91,59.59,4.60,
,43,12,45.61,3.58,60,55.94,4.34,
Jun 2010,44,15,49.47,3.91,96,58.30,4.59,
,45,28,48.65,3.90,97,56.56,4.30,
,46,28,46.74,3.80,77,55.98,4.37,
,47,24,46.51,3.75,55,59.82,4.60,
,48,22,48.64,3.82,110,58.66,4.51,
Jul 2010,49,33,46.95,3.82,61,57.44,4.49,
,50,15,47.37,3.84,48,58.21,4.50,
,51,13,47.44,3.78,30,63.69,4.90,
,52,16,46.94,3.68,96,67.14,5.41,
Aug 2010,1,15,49.18,3.94,33,56.63,4.42,"2010-2011"
,2,29,53.43,4.30,30,57.39,4.48,
,3,9,47.44,3.80,32,60.29,4.71,
,4,9,44.45,3.66,30,53.61,4.20,
Sep 2010,5,13,44.59,3.53,48,58.90,4.58,
,6,28,45.07,3.72,43,59.23,4.57,
,7,13,44.23,3.56,28,63.39,4.91,
,8,19,44.41,3.59,33,58.66,4.59,
,9,15,47.75,3.86,27,61.00,4.78,
Oct 2010,10,15,50.74,4.04,47,57.94,4.46,
,11,13,52.27,4.19,36,59.96,4.69,
,12,24,54.44,4.55,27,59.71,4.67,
,13,32,53.37,4.29,62,61.63,4.98,
Nov 2010,14,38,52.60,4.44,66,62.83,4.91,
,15,40,54.11,4.44,53,60.13,4.75,
,16,42,54.57,4.43,80,61.04,4.90,
,17,66,51.28,4.30,222,62.01,4.88,
Dec 2010,18,102,56.57,4.56,372,63.44,5.01,
,19,89,52.92,4.39,344,63.44,4.96,
,20,70,53.82,4.47,337,63.73,4.98,
,21,99,52.99,4.35,449,65.27,5.04,
,22,67,58.49,4.68,282,66.83,5.20,
Jan 2011,23,50,55.07,4.56,176,65.94,5.13,
,24,90,57.60,4.71,306,65.84,5.14,
,25,67,60.53,4.86,307,68.25,5.32,
,26,77,58.60,4.74,313,66.94,5.20,
Feb 2011,27,75,58.77,4.76,256,66.48,5.17,
,28,59,58.14,4.73,322,67.12,5.27,
,29,42,57.81,4.71,285,66.61,5.13,
,30,37,58.88,4.67,224,67.38,5.23,
Mar 2011,31,23,59.19,4.71,118,67.99,5.31,
,32,40,61.39,4.99,151,70.05,5.46,
,33,25,55.64,4.56,83,72.17,5.68,
,34,12,59.35,4.73,89,69.61,5.33,
,35,27,56.82,4.53,113,67.61,5.27,
Apr 2011,36,32,51.16,4.30,160,66.73,5.19,
,37,24,47.62,3.96,108,68.32,5.33,
,38,124,53.40,4.30,62,67.79,5.35,
,39,17,59.22,4.74,91,68.76,5.37,
May 2011,40,23,60.79,4.95,113,67.30,5.30,
,41,27,60.96,4.86,97,76.09,6.11,
,42,29,62.05,4.88,36,71.42,5.62,
,43,16,58.46,4.83,41,69.01,5.41,
Jun 2011,44,12,60.06,4.86,29,72.93,5.65,
,45,22,59.74,4.87,23,68.77,5.42,
,46,14,54.78,4.45,32,72.02,5.52,
,47,24,55.91,4.53,44,84.10,6.50,
,48,14,57.01,4.60,43,83.79,6.65,
Jul 2011,49,19,58.63,4.81,38,64.99,5.16,
,50,20,59.77,4.80,35,71.48,5.66,
,51,14,56.48,4.60,33,74.15,5.73,
,52,16,57.75,4.63,30,74.27,5.76,
Aug 2011,1,24,61.36,4.99,21,67.59,5.32,"2011-2012"
,2,12,56.96,4.55,27,70.08,5.43,
,3,5,59.39,4.67,16,68.33,5.47,
,4,8,56.83,4.56,18,72.23,5.56,
Sep 2011,5,15,60.68,5.01,20,67.78,5.29,
,6,14,57.04,4.75,33,70.07,5.34,
,7,20,57.92,4.78,36,66.68,5.27,
,8,16,56.15,4.59,13,75.01,5.71,
,9,22,59.30,4.78,21,69.22,5.42,
Oct 2011,10,12,54.71,4.47,19,66.97,5.20,
,11,30,57.63,4.76,23,63.13,5.12,
,12,37,57.72,4.76,36,65.98,5.18,
,13,58,57.03,4.66,18,66.62,5.22,
Nov 2011,14,53,55.80,4.56,53,68.65,5.49,
,15,36,57.01,4.66,42,66.57,5.23,
,16,43,52.72,4.36,82,66.00,5.31,
,17,117,53.25,4.41,116,66.50,5.27,
Dec 2011,18,133,57.91,4.69,197,67.49,5.26,
,19,108,58.06,4.67,265,69.37,5.39,
,20,111,56.40,4.56,304,68.77,5.33,
,21,102,56.45,4.66,424,69.60,5.39,
,22,52,54.01,4.43,329,69.80,5.37,
Jan 2012,23,92,57.01,4.55,258,68.80,5.32,
,24,83,56.89,4.51,319,69.44,5.34,
,25,109,58.10,4.67,368,69.63,5.40,
,26,86,57.79,4.63,528,70.74,5.46,
Feb 2012,27,85,58.70,4.63,243,71.09,5.50,
,28,66,58.19,4.58,344,70.46,5.43,
,29,66,56.10,4.51,208,69.71,5.39,
,30,86,57.57,4.58,296,70.12,5.34,
Mar 2012,31,71,54.01,4.38,188,68.83,5.33,
,32,63,57.86,4.69,175,71.25,5.45,
,33,55,56.47,4.49,153,70.89,5.46,
,34,87,55.88,4.51,144,69.71,5.39,
,35,67,60.01,4.83,137,68.32,5.35,
Apr 2012,36,54,54.90,4.43,159,69.08,5.40,
,37,38,56.54,4.54,135,71.00,5.45,
,38,42,55.26,4.51,93,72.34,5.68,
,39,72,57.85,4.69,97,69.32,5.46,
May 2012,40,34,56.69,4.54,72,69.66,5.36,
,41,22,55.86,4.56,55,66.66,5.20,
,42,25,56.91,4.46,37,67.59,5.26,
,43,20,54.15,4.45,41,69.97,5.49,
Jun 2012,44,20,54.34,4.28,56,72.29,5.56,
,45,31,53.23,4.27,61,71.97,5.55,
,46,24,55.33,4.46,37,70.74,5.44,
,47,26,57.49,4.62,27,70.16,5.39,
,48,33,53.10,4.33,31,70.94,5.67,
Jul 2012,49,26,52.76,4.18,39,68.91,5.31,
,50,33,53.45,4.30,32,68.81,5.32,
,51,16,51.97,4.22,22,70.07,5.37,
,52,18,50.97,4.09,86,75.26,6.04,
Aug 2012,1,31,57.11,4.56,31,65.03,5.15,"2012-2013"
,2,27,50.32,4.03,38,70.03,5.34,
,3,31,49.46,3.94,33,65.93,5.13,
,4,11,50.29,3.90,11,65.97,5.06,
Sep 2012,5,25,49.47,4.07,23,68.92,5.30,
,6,38,50.00,3.98,41,67.16,5.28,
,7,35,52.67,4.23,41,63.22,4.92,
,8,49,52.70,4.23,45,63.09,4.96,
,9,40,52.51,4.31,48,64.04,4.98,
Oct 2012,10,34,59.70,4.72,66,62.38,4.86,
,11,26,58.95,4.77,43,82.63,6.31,
,12,51,57.91,4.64,58,69.06,5.37,
,13,29,60.67,4.88,47,72.68,5.71,
Nov 2012,14,68,61.37,5.01,68,72.56,5.58,
,15,55,60.47,4.93,73,75.04,5.84,
,16,67,62.65,5.14,97,71.82,5.68,
,17,51,64.96,5.29,129,74.01,5.67,
Dec 2012,18,100,65.95,5.39,150,76.78,5.95,
,19,86,63.77,5.20,261,75.46,5.84,
,20,139,66.76,5.45,341,76.11,5.87,
,21,104,65.34,5.31,220,75.78,5.89,
,22,67,66.28,5.40,304,74.73,5.82,
Jan 2013,23,41,67.26,5.38,116,75.21,5.88,
,24,39,65.45,5.30,209,74.33,5.75,
,25,85,66.47,5.34,350,75.53,5.85,
,26,72,65.72,5.28,162,77.01,6.04,
Feb 2013,27,78,65.69,5.31,318,75.84,5.83,
,28,123,66.74,5.46,381,74.96,5.89,
,29,75,67.03,5.41,394,75.18,5.87,
,30,64,66.58,5.36,331,74.91,5.91,
Mar 2013,31,51,66.58,5.33,239,75.25,5.91,
,32,52,66.95,5.36,243,75.11,5.82,
,33,39,66.19,5.33,156,74.70,5.79,
,34,51,66.12,5.32,128,76.90,6.02,
,35,50,65.89,5.31,111,75.98,5.97,
Apr 2013,36,29,65.06,5.31,81,79.62,6.24,
,37,26,63.75,5.18,103,78.61,6.14,
,38,31,64.09,5.18,139,71.02,5.75,
,39,43,63.79,5.13,70,72.61,5.63,
May 2013,40,19,62.65,5.06,57,72.47,5.74,
,41,16,65.19,5.30,22,76.96,6.02,
,42,10,62.24,4.91,21,75.58,6.01,
,43,15,61.87,5.01,37,74.70,5.90,
Jun 2013,44,10,57.70,4.64,50,81.49,6.46,
,45,13,58.17,4.77,30,71.79,5.64,
,46,26,61.74,4.99,33,74.51,5.82,
,47,23,60.72,4.93,43,76.11,5.92,
,48,20,61.47,4.97,47,70.74,5.62,
Jul 2013,49,29,59.25,4.82,43,74.80,5.81,
,50,22,64.33,5.08,48,76.61,5.82,
,51,26,61.03,5.02,42,76.72,5.93,
,52,14,63.66,5.04,30,76.96,6.06,
,53,18,58.38,4.72,82,80.62,6.50,
Aug 2013,1,13,56.50,4.46,24,73.74,5.75,"2013-2014"
,2,14,64.07,5.15,26,74.23,5.75,
,3,11,61.77,4.87,11,77.65,6.18,
,4,6,61.54,5.01,12,74.82,5.91,
Sep 2013,5,19,61.66,5.05,20,77.08,6.11,
,6,25,61.20,4.94,28,72.87,5.76,
,7,16,60.65,4.86,24,70.42,5.53,
,8,11,63.66,5.02,24,76.19,5.93,
,9,14,61.87,5.07,34,74.20,5.79,
Oct 2013,10,16,62.89,5.25,13,74.92,5.95,
,11,12,64.38,5.28,29,74.52,5.91,
,12,24,63.34,5.19,26,72.64,5.71,
,13,25,64.90,5.23,29,74.00,5.85,
Nov 2013,14,36,65.67,5.39,40,73.51,5.87,
,15,67,67.23,5.54,82,75.06,5.95,
,16,53,67.96,5.54,103,77.03,6.12,
,17,62,68.50,5.60,179,75.78,5.99,
Dec 2013,18,110,70.92,5.81,267,77.25,6.09,
,19,94,67.66,5.54,248,77.81,6.09,
,20,73,69.15,5.62,283,78.39,6.09,
,21,122,69.34,5.62,296,76.81,6.01,
,22,46,70.53,5.90,256,78.30,6.09,
Jan 2014,23,19,68.02,5.55,168,76.64,5.94,
,24,80,70.29,5.66,401,76.36,5.93,
,25,73,68.86,5.61,356,79.30,6.19,
,26,94,70.86,5.67,388,79.60,6.25,
Feb 2014,27,73,68.47,5.53,396,78.37,6.20,
,28,61,68.81,5.65,243,79.84,6.34,
,29,77,70.21,5.68,275,79.46,6.21,
,30,53,68.18,5.55,327,79.44,6.24,
Mar 2014,31,27,70.38,5.69,155,79.08,6.33,
,32,52,69.97,5.65,183,76.63,6.12,
,33,41,68.90,5.54,119,81.95,6.33,
,34,28,70.45,5.60,109,81.35,6.25,
,35,27,70.74,5.73,110,77.56,6.03,
Apr 2014,36,23,68.86,5.63,79,78.08,6.10,
,37,25,67.82,5.55,75,79.96,6.28,
,38,23,67.16,5.56,61,81.13,6.35,
,39,15,69.48,5.66,54,79.36,6.21,
May 2014,40,11,72.09,5.82,28,81.33,6.42,
,41,10,70.04,5.58,31,86.48,6.71,
,42,19,70.56,5.61,52,76.28,5.95,
,43,28,66.55,5.63,68,76.57,6.07,
Jun 2014,44,11,64.36,5.28,31,87.93,6.94,
,45,19,69.22,5.69,30,86.91,6.81,
,46,23,76.14,6.06,34,87.26,6.83,
,47,29,72.93,5.83,29,78.05,6.19,
,48,18,68.79,5.62,24,82.68,6.40,
Jul 2014,49,24,67.97,5.52,24,87.80,6.85,
,50,19,69.38,5.27,17,83.26,6.60,
,51,15,65.31,5.28,56,87.63,7.21,
,52,9,67.14,5.35,34,82.48,6.50,
Aug 2014,1,6,65.94,5.39,22,76.55,6.14,"2014-2015"
,2,12,67.55,5.60,17,78.74,6.27,
,3,5,72.41,5.79,13,81.33,6.29,
,4,11,68.27,5.42,10,77.22,5.98,
Sep 2014,5,11,67.52,5.47,12,75.05,5.96,
,6,7,65.34,5.31,26,78.15,6.17,
,7,12,66.05,5.28,12,84.46,6.56,
,8,10,65.43,5.36,26,79.49,6.30,
,9,17,73.26,5.84,16,83.12,6.48,
Oct 2014,10,18,73.62,6.10,37,83.22,6.63,
,11,19,75.39,6.16,36,87.44,6.90,
,12,18,74.33,6.13,123,86.62,6.98,
,13,33,78.28,6.42,123,87.43,7.04,
Nov 2014,14,49,77.91,6.43,149,86.43,6.94,
,15,40,74.53,6.29,157,86.98,7.02,
,16,38,74.51,6.27,171,87.47,6.90,
,17,71,75.95,6.23,268,88.90,7.03,
Dec 2014,18,57,76.00,6.31,303,87.77,6.94,
,19,108,79.75,6.51,385,88.11,6.99,
,20,82,79.63,6.54,358,87.35,6.89,
,21,90,78.69,6.43,485,87.70,6.97,
,22,53,74.21,6.11,173,88.57,7.12,
Jan 2015,23,22,74.53,6.16,152,89.49,7.12,
,24,46,78.22,6.46,295,89.83,7.02,
,25,76,79.27,6.61,332,89.76,7.03,
,26,86,79.44,6.55,373,89.82,7.12,
Feb 2015,27,46,77.87,6.29,290,90.30,7.17,
,28,53,79.16,6.43,274,89.00,7.05,
,29,37,75.21,6.11,170,88.66,7.05,
,30,28,76.42,6.37,182,88.81,6.98,
Mar 2015,31,23,76.37,6.20,98,87.89,7.14,
,32,31,77.14,6.31,84,88.94,7.14,
,33,34,77.75,6.43,197,89.27,7.19,
,34,36,77.34,6.41,102,88.61,7.14,
,35,24,78.42,6.38,68,90.89,7.26,
Apr 2015,36,33,78.51,6.48,62,89.06,7.10,
,37,19,75.86,6.08,39,90.02,7.08,
,38,19,79.01,6.50,49,107.94,8.50,
,39,29,77.15,6.17,29,90.98,7.13,
May 2015,40,13,76.30,6.22,28,92.31,7.24,
,41,7,75.55,6.19,27,88.26,7.07,
,42,7,77.17,6.17,15,107.47,8.31,
,43,7,77.34,6.27,20,93.08,7.39,
Jun 2015,44,16,75.51,5.99,15,90.96,7.24,
,45,10,76.25,6.11,25,93.15,7.45,
,46,12,79.90,6.61,35,107.00,8.29,
,47,11,79.72,6.35,21,89.22,7.16,
,48,12,74.60,6.11,25,92.00,7.29,
Jul 2015,49,12,75.22,6.29,44,90.52,7.28,
,50,9,74.88,6.00,10,87.08,6.97,
,51,8,71.20,5.85,31,88.76,7.21,
,52,8,76.31,6.19,62,88.92,7.12,
Aug 2015,1,8,83.80,6.58,15,91.21,7.38,"2015-2016"
,2,5,73.53,5.93,19,90.34,7.29,
,3,9,72.51,5.94,17,89.26,7.09,
,4,6,73.84,6.24,15,85.96,6.89,
Sep 2015,5,4,75.74,6.07,16,86.45,7.00,
,6,9,68.93,5.52,16,94.50,7.59,
,7,5,83.13,6.72,16,88.54,7.11,
,8,9,67.81,5.51,11,92.25,7.35,
,9,15,71.76,5.88,20,85.62,6.91,
Oct 2015,10,9,72.21,5.92,13,85.99,6.94,
,11,17,78.52,6.37,31,94.13,7.61,
,12,21,75.30,6.29,33,84.81,6.89,
,13,13,72.82,6.08,25,92.37,7.30,
Nov 2015,14,21,74.04,6.06,59,93.24,7.42,
,15,23,76.20,6.26,136,89.03,7.15,
,16,26,74.43,6.12,229,90.20,7.02,
,17,31,77.09,6.24,231,90.17,7.03,
Dec 2015,18,39,80.24,6.48,315,89.00,6.90,
,19,54,81.69,6.59,403,89.32,6.95,
,20,87,74.57,6.12,421,90.33,6.99,
,21,51,78.09,6.26,372,88.68,6.92,
,22,36,77.45,6.37,207,88.16,6.92,
Jan 2016,23,23,79.25,6.26,174,89.33,6.95,
,24,44,75.45,6.10,295,88.08,6.83,
,25,71,81.97,6.51,248,88.73,6.92,
,26,59,79.14,6.31,263,90.65,7.05,
Feb 2016,27,57,79.45,6.34,209,90.57,7.00,
,28,36,77.35,6.11,212,91.86,7.14,
,29,31,81.04,6.49,236,90.23,7.06,
,30,30,77.62,6.24,170,90.92,7.08,
Mar 2016,31,37,76.79,6.18,139,91.15,7.16,
,32,29,72.23,5.92,109,90.75,7.09,
,33,42,78.10,6.23,79,88.14,6.89,
,34,25,74.75,6.21,120,89.37,7.00,
,35,28,72.48,5.88,71,88.11,6.89,
Apr 2016,36,21,76.28,6.17,62,89.40,7.07,
,37,16,73.38,5.96,90,89.30,6.94,
,38,23,75.67,6.04,45,89.93,7.08,
,39,20,75.30,6.14,43,97.10,7.55,
May 2016,40,16,79.05,6.20,53,89.68,6.99,
,41,12,73.25,5.64,30,87.36,7.01,
,42,10,77.25,6.21,28,93.83,7.34,
,43,17,79.20,6.50,43,93.22,7.42,
Jun 2016,44,10,68.52,5.56,29,86.45,6.88,
,45,12,64.21,5.22,20,85.84,6.76,
,46,14,78.64,6.17,21,90.14,7.10,
,47,6,68.16,5.57,19,102.13,7.96,
,48,10,78.18,6.21,23,106.74,8.31,
Jul 2016,49,6,73.46,5.81,13,95.05,7.41,
,50,10,79.03,6.32,25,91.43,7.25,
,51,4,36.60,2.97,13,94.46,7.44,
,52,7,71.83,5.83,62,87.10,6.93,
